path,locale,titleLen,descLen,h1,h2,words,canonicalSelf,hreflangSelf,hreflangDefault,faqSchema,faqMissingQ,faqMissingA,ldTypes,enStopRatio,inbound,ogImage
/,en,51,97,1,8,906,true,true,true,6,0,0,"WebPage|FAQPage",0.1316,94,"https://skilldrills.online/icons/icon-512x512.png"
/about,en,44,159,1,6,670,true,false,false,0,0,0,"BreadcrumbList|AboutPage",0.2034,10,"https://skilldrills.online/opengraph-image"
/de,de,52,118,1,7,554,true,true,true,0,0,0,"WebPage",0.0096,9,"https://skilldrills.online/icons/icon-512x512.png"
/de/drills,de,48,134,1,11,726,true,true,true,8,0,0,"BreadcrumbList|CollectionPage|FAQPage",0.0201,89,"https://skilldrills.online/icons/icon-512x512.png"
/de/drills/cognitive,de,51,130,1,6,993,true,true,true,8,0,0,"BreadcrumbList|CollectionPage|FAQPage",0.0071,17,"https://skilldrills.online/icons/icon-512x512.png"
/de/drills/cognitive/attention/concentration-stamina,de,54,133,1,9,921,true,true,true,10,0,0,"BreadcrumbList|SoftwareApplication|WebApplication|VideoGame|FAQPage|HowTo",0.043,15,"https://skilldrills.online/opengraph-image"
/de/drills/cognitive/attention/divided-attention,de,47,121,1,9,978,true,true,true,10,0,0,"BreadcrumbList|SoftwareApplication|WebApplication|VideoGame|FAQPage|HowTo",0.0488,8,"https://skilldrills.online/opengraph-image"
/de/drills/cognitive/attention/multi-tasking,de,54,144,1,9,919,true,true,true,10,0,0,"BreadcrumbList|SoftwareApplication|WebApplication|VideoGame|FAQPage|HowTo",0.0508,6,"https://skilldrills.online/opengraph-image"
/de/drills/cognitive/focus/concentration-grid,de,59,150,1,10,1733,true,true,true,10,0,0,"BreadcrumbList|SoftwareApplication|WebApplication|VideoGame|FAQPage|HowTo",0.0264,10,"https://skilldrills.online/opengraph-image"
/de/drills/cognitive/focus/distraction-fighter,de,52,134,1,11,2188,true,true,true,10,0,0,"BreadcrumbList|SoftwareApplication|WebApplication|VideoGame|FAQPage|HowTo",0.0891,6,"https://skilldrills.online/opengraph-image"
/de/drills/cognitive/processing-speed/reaction-time,de,57,143,1,10,1049,true,true,true,10,0,0,"BreadcrumbList|SoftwareApplication|WebApplication|VideoGame|FAQPage|HowTo",0.0295,7,"https://skilldrills.online/opengraph-image"
/de/drills/cognitive/processing-speed/rsvp-reader,de,49,135,1,10,996,true,true,true,10,0,0,"BreadcrumbList|SoftwareApplication|WebApplication|VideoGame|FAQPage|HowTo",0.0296,3,"https://skilldrills.online/opengraph-image"
/de/drills/cognitive/processing-speed/symbol-matching,de,54,141,1,10,1032,true,true,true,10,0,0,"BreadcrumbList|SoftwareApplication|WebApplication|VideoGame|FAQPage|HowTo",0.0234,3,"https://skilldrills.online/opengraph-image"
/de/drills/fps,de,52,119,1,6,1298,true,true,true,8,0,0,"BreadcrumbList|CollectionPage|FAQPage",0.0115,24,"https://skilldrills.online/icons/icon-512x512.png"
/de/drills/fps/180-degree-awareness,de,49,125,1,10,1658,true,true,true,10,0,0,"BreadcrumbList|SoftwareApplication|WebApplication|VideoGame|FAQPage|HowTo",0.0282,18,"https://skilldrills.online/opengraph-image"
/de/drills/fps/angle-hold-trainer,de,47,131,1,10,1875,true,true,true,10,0,0,"BreadcrumbList|WebApplication|SoftwareApplication|VideoGame|FAQPage|HowTo",0.0389,15,"https://skilldrills.online/opengraph-image"
/de/drills/fps/anti-strafe-jitter-duel,de,55,132,1,10,1629,true,true,true,10,0,0,"BreadcrumbList|SoftwareApplication|WebApplication|VideoGame|FAQPage|HowTo",0.0366,7,"https://skilldrills.online/opengraph-image"
/de/drills/fps/anti-zigzag-movement-trainer,de,45,129,1,10,1706,true,true,true,10,0,0,"BreadcrumbList|WebApplication|SoftwareApplication|VideoGame|FAQPage|HowTo",0.0439,2,"https://skilldrills.online/opengraph-image"
/de/drills/fps/flick-shot-training,de,53,149,1,10,1813,true,true,true,10,0,0,"BreadcrumbList|SoftwareApplication|WebApplication|VideoGame|FAQPage|HowTo",0.0757,4,"https://skilldrills.online/opengraph-image"
/de/drills/fps/flow-state,de,51,140,1,10,1614,true,true,true,10,0,0,"BreadcrumbList|WebApplication|SoftwareApplication|VideoGame|FAQPage|HowTo",0.0397,5,"https://skilldrills.online/opengraph-image"
/de/drills/fps/instant-response,de,53,119,1,10,1642,true,true,true,10,0,0,"BreadcrumbList|SoftwareApplication|WebApplication|VideoGame|FAQPage|HowTo",0.0463,9,"https://skilldrills.online/opengraph-image"
/de/drills/fps/micro-correction-precision,de,54,140,1,10,1914,true,true,true,10,0,0,"BreadcrumbList|SoftwareApplication|WebApplication|VideoGame|FAQPage|HowTo",0.045,10,"https://skilldrills.online/opengraph-image"
/de/drills/fps/pro-smooth-pursuit,de,48,104,1,10,1719,true,true,true,10,0,0,"BreadcrumbList|WebApplication|SoftwareApplication|VideoGame|FAQPage|HowTo",0.0307,8,"https://skilldrills.online/opengraph-image"
/de/drills/fps/recoil-control,de,58,121,1,10,1680,true,true,true,10,0,0,"BreadcrumbList|WebApplication|SoftwareApplication|VideoGame|FAQPage|HowTo",0.0262,7,"https://skilldrills.online/opengraph-image"
/de/drills/fps/strafe-tracking,de,50,117,1,10,1668,true,true,true,10,0,0,"BreadcrumbList|SoftwareApplication|WebApplication|VideoGame|FAQPage|HowTo",0.0302,6,"https://skilldrills.online/opengraph-image"
/de/drills/fps/target-acquisition,de,49,150,1,10,1579,true,true,true,10,0,0,"BreadcrumbList|SoftwareApplication|WebApplication|VideoGame|FAQPage|HowTo",0.0254,4,"https://skilldrills.online/opengraph-image"
/de/drills/fps/target-prioritization,de,51,126,1,10,1797,true,true,true,10,0,0,"BreadcrumbList|SoftwareApplication|WebApplication|VideoGame|FAQPage|HowTo",0.0377,5,"https://skilldrills.online/opengraph-image"
/de/drills/fps/target-switching-swarm,de,52,123,1,10,1740,true,true,true,10,0,0,"BreadcrumbList|SoftwareApplication|WebApplication|VideoGame|FAQPage|HowTo",0.0423,4,"https://skilldrills.online/opengraph-image"
/de/drills/fps/vertical-air-track,de,46,131,1,10,1684,true,true,true,10,0,0,"BreadcrumbList|SoftwareApplication|WebApplication|VideoGame|FAQPage|HowTo",0.0437,3,"https://skilldrills.online/opengraph-image"
/de/drills/memory,de,49,144,1,6,742,true,true,true,10,0,0,"BreadcrumbList|CollectionPage|FAQPage",0.0028,16,"https://skilldrills.online/icons/icon-512x512.png"
/de/drills/memory/short-term-memory/color-sequence,de,53,134,1,10,1694,true,true,true,10,0,0,"BreadcrumbList|SoftwareApplication|WebApplication|VideoGame|FAQPage|HowTo",0.0294,8,"https://skilldrills.online/opengraph-image"
/de/drills/memory/short-term-memory/digit-span,de,54,127,1,9,1630,true,true,true,10,0,0,"BreadcrumbList|WebApplication|SoftwareApplication|VideoGame|HowTo|FAQPage",0.0491,8,"https://skilldrills.online/opengraph-image"
/de/drills/memory/short-term-memory/word-recall,de,56,140,1,10,1672,true,true,true,10,0,0,"BreadcrumbList|SoftwareApplication|WebApplication|VideoGame|FAQPage|HowTo",0.0408,4,"https://skilldrills.online/opengraph-image"
/de/drills/memory/spatial-memory/grid-memorization,de,45,124,1,9,1762,true,true,true,10,0,0,"BreadcrumbList|WebApplication|SoftwareApplication|VideoGame|HowTo|FAQPage",0.0452,7,"https://skilldrills.online/opengraph-image"
/de/drills/memory/spatial-memory/object-location,de,46,135,1,9,1740,true,true,true,10,0,0,"BreadcrumbList|SoftwareApplication|WebApplication|VideoGame|FAQPage|HowTo",0.0428,5,"https://skilldrills.online/opengraph-image"
/de/drills/memory/spatial-memory/path-tracing,de,37,128,1,9,1694,true,true,true,10,0,0,"BreadcrumbList|SoftwareApplication|WebApplication|VideoGame|FAQPage|HowTo",0.0478,5,"https://skilldrills.online/opengraph-image"
/de/drills/memory/working-memory/n-back,de,52,140,1,10,1329,true,true,true,10,0,0,"BreadcrumbList|WebApplication|SoftwareApplication|VideoGame|HowTo|FAQPage",0.0462,3,"https://skilldrills.online/opengraph-image"
/de/drills/motor,de,48,108,1,6,881,true,true,true,8,0,0,"BreadcrumbList|CollectionPage|FAQPage",0.019,17,"https://skilldrills.online/icons/icon-512x512.png"
/de/drills/motor/hand-eye-coordination/aim-trainer,de,55,126,1,6,1396,true,true,true,10,0,0,"BreadcrumbList|SoftwareApplication|WebApplication|VideoGame|FAQPage|HowTo",0.0301,32,"https://skilldrills.online/opengraph-image"
/de/drills/motor/hand-eye-coordination/drag-and-drop,de,53,127,1,9,1387,true,true,true,10,0,0,"BreadcrumbList|SoftwareApplication|WebApplication|VideoGame|FAQPage|HowTo",0.0583,8,"https://skilldrills.online/opengraph-image"
/de/drills/motor/hand-eye-coordination/precision-flick-shot,de,56,136,1,9,1388,true,true,true,10,0,0,"BreadcrumbList|SoftwareApplication|WebApplication|VideoGame|FAQPage|HowTo",0.0469,9,"https://skilldrills.online/opengraph-image"
/de/drills/motor/movement-speed/finger-sequencing,de,56,141,1,9,1097,true,true,true,10,0,0,"BreadcrumbList|SoftwareApplication|WebApplication|VideoGame|FAQPage|HowTo",0.0541,10,"https://skilldrills.online/opengraph-image"
/de/drills/motor/movement-speed/keyboard-recognition,de,51,120,1,10,1194,true,true,true,10,0,0,"BreadcrumbList|SoftwareApplication|WebApplication|VideoGame|FAQPage|HowTo",0.0358,4,"https://skilldrills.online/opengraph-image"
/de/drills/motor/movement-speed/rapid-tapping,de,52,117,1,9,1201,true,true,true,10,0,0,"BreadcrumbList|SoftwareApplication|WebApplication|VideoGame|FAQPage|HowTo",0.0305,5,"https://skilldrills.online/opengraph-image"
/de/drills/motor/precision-control/steady-hand,de,47,125,1,9,1280,true,true,true,10,0,0,"BreadcrumbList|SoftwareApplication|WebApplication|VideoGame|FAQPage|HowTo",0.0332,5,"https://skilldrills.online/opengraph-image"
/de/drills/motor/precision-control/tracing,de,46,127,1,9,1097,true,true,true,10,0,0,"BreadcrumbList|SoftwareApplication|WebApplication|VideoGame|FAQPage|HowTo",0.0679,15,"https://skilldrills.online/opengraph-image"
/de/drills/physical,de,49,119,1,6,1008,true,true,true,10,0,0,"BreadcrumbList|CollectionPage|FAQPage",0.0091,20,"https://skilldrills.online/icons/icon-512x512.png"
/de/drills/physical/balance-training/stability-challenge,de,55,148,1,10,1744,true,true,true,10,0,0,"BreadcrumbList|SoftwareApplication|WebApplication|VideoGame|FAQPage|HowTo",0.052,6,"https://skilldrills.online/opengraph-image"
/de/drills/physical/coordination/complex-pattern,de,55,157,1,10,1950,true,true,true,10,0,0,"BreadcrumbList|SoftwareApplication|WebApplication|VideoGame|FAQPage|HowTo",0.03,14,"https://skilldrills.online/opengraph-image"
/de/drills/physical/coordination/cross-body-movement,de,41,152,1,10,1942,true,true,true,10,0,0,"BreadcrumbList|SoftwareApplication|WebApplication|VideoGame|FAQPage|HowTo",0.0288,6,"https://skilldrills.online/opengraph-image"
/de/drills/physical/coordination/dynamic-grid-evasion,de,57,138,1,10,1636,true,true,true,10,0,0,"BreadcrumbList|SoftwareApplication|WebApplication|VideoGame|FAQPage|HowTo",0.0335,9,"https://skilldrills.online/opengraph-image"
/de/drills/physical/fitness/agility-ladder,de,41,147,1,10,1795,true,true,true,10,0,0,"BreadcrumbList|SoftwareApplication|WebApplication|VideoGame|FAQPage|HowTo",0.0265,7,"https://skilldrills.online/opengraph-image"
/de/drills/physical/fitness/jump-sequence,de,60,141,1,10,1998,true,true,true,10,0,0,"BreadcrumbList|SoftwareApplication|WebApplication|VideoGame|FAQPage|HowTo",0.0405,3,"https://skilldrills.online/opengraph-image"
/de/drills/physical/fitness/speed-drill,de,50,150,1,9,1702,true,true,true,10,0,0,"BreadcrumbList|SoftwareApplication|WebApplication|VideoGame|FAQPage|HowTo",0.0234,4,"https://skilldrills.online/opengraph-image"
/de/drills/physical/reflex-training/drop-catch,de,45,125,1,9,1743,true,true,true,10,0,0,"BreadcrumbList|SoftwareApplication|WebApplication|VideoGame|FAQPage|HowTo",0.0274,7,"https://skilldrills.online/opengraph-image"
/de/drills/physical/reflex-training/peripheral-threat-sweeper,de,41,148,1,9,1732,true,true,true,10,0,0,"BreadcrumbList|SoftwareApplication|WebApplication|VideoGame|FAQPage|HowTo",0.0279,7,"https://skilldrills.online/opengraph-image"
/de/drills/physical/reflex-training/quick-dodge,de,39,130,1,9,1493,true,true,true,10,0,0,"BreadcrumbList|SoftwareApplication|WebApplication|VideoGame|FAQPage|HowTo",0.0336,8,"https://skilldrills.online/opengraph-image"
/de/drills/physical/reflex-training/reaction-chain,de,35,134,1,9,1665,true,true,true,10,0,0,"BreadcrumbList|SoftwareApplication|WebApplication|VideoGame|FAQPage|HowTo",0.0229,26,"https://skilldrills.online/opengraph-image"
/de/drills/reaction-speed,de,44,128,1,6,694,true,true,true,10,0,0,"BreadcrumbList|CollectionPage|FAQPage",0.003,16,"https://skilldrills.online/icons/icon-512x512.png"
/de/drills/reaction-speed/barrier-sequence-pursuit,de,30,152,1,9,1054,true,true,true,10,0,0,"BreadcrumbList|SoftwareApplication|WebApplication|VideoGame|FAQPage|HowTo",0.0215,5,"https://skilldrills.online/opengraph-image"
/de/drills/reaction-speed/fps-tracking-trainer,de,33,149,1,9,1080,true,true,true,10,0,0,"BreadcrumbList|SoftwareApplication|WebApplication|VideoGame|FAQPage|HowTo",0.0203,8,"https://skilldrills.online/opengraph-image"
/de/drills/reaction-speed/market-doors-pursuit,de,41,142,1,9,1105,true,true,true,10,0,0,"BreadcrumbList|SoftwareApplication|WebApplication|VideoGame|FAQPage|HowTo",0.0226,6,"https://skilldrills.online/opengraph-image"
/de/drills/reaction-speed/reaction-game,de,33,149,1,9,1100,true,true,true,10,0,0,"BreadcrumbList|SoftwareApplication|WebApplication|VideoGame|FAQPage|HowTo",0.0292,3,"https://skilldrills.online/opengraph-image"
/de/drills/reaction-speed/reaction-time-test,de,55,160,1,9,1352,true,true,true,10,0,0,"BreadcrumbList|SoftwareApplication|VideoGame|WebApplication|HowTo|FAQPage",0.0365,3,"https://skilldrills.online/opengraph-image"
/de/drills/reaction-speed/reflex-training-drill,de,42,146,1,9,1104,true,true,true,10,0,0,"BreadcrumbList|SoftwareApplication|WebApplication|VideoGame|FAQPage|HowTo",0.0269,3,"https://skilldrills.online/opengraph-image"
/de/drills/reaction-speed/saccadic-gallery,de,60,127,1,10,1267,true,true,true,10,0,0,"BreadcrumbList|SoftwareApplication|WebApplication|VideoGame|HowTo|FAQPage",0.0202,3,"https://skilldrills.online/opengraph-image"
/de/drills/reaction-speed/visual-tracking-speed-test,de,35,135,1,9,1123,true,true,true,10,0,0,"BreadcrumbList|SoftwareApplication|WebApplication|VideoGame|FAQPage|HowTo",0.0223,8,"https://skilldrills.online/opengraph-image"
/de/drills/visual,de,48,119,1,6,938,true,true,true,10,0,0,"BreadcrumbList|CollectionPage|FAQPage",0.0077,18,"https://skilldrills.online/icons/icon-512x512.png"
/de/drills/visual-tracking,de,43,126,1,6,1278,true,true,true,10,0,0,"BreadcrumbList|CollectionPage|FAQPage",0.0095,24,"https://skilldrills.online/icons/icon-512x512.png"
/de/drills/visual-tracking/constant-slow-pursuit,de,41,134,1,8,1012,true,true,true,10,0,0,"BreadcrumbList|SoftwareApplication|WebApplication|VideoGame|FAQPage|HowTo",0.0239,12,"https://skilldrills.online/opengraph-image"
/de/drills/visual-tracking/directional-chaos-pursuit,de,59,136,1,9,1797,true,true,true,10,0,0,"BreadcrumbList|SoftwareApplication|WebApplication|VideoGame|HowTo|FAQPage",0.0216,4,"https://skilldrills.online/opengraph-image"
/de/drills/visual-tracking/dynamic-evasion-pursuit,de,57,138,1,9,1798,true,true,true,10,0,0,"BreadcrumbList|SoftwareApplication|WebApplication|VideoGame|HowTo|FAQPage",0.0208,4,"https://skilldrills.online/opengraph-image"
/de/drills/visual-tracking/ghosting-suppress-pursuit,de,59,128,1,9,1716,true,true,true,10,0,0,"BreadcrumbList|SoftwareApplication|WebApplication|VideoGame|HowTo|FAQPage",0.0161,3,"https://skilldrills.online/opengraph-image"
/de/drills/visual-tracking/infinity-pursuit,de,45,132,1,9,1626,true,true,true,10,0,0,"BreadcrumbList|SoftwareApplication|WebApplication|VideoGame|HowTo|FAQPage",0.023,3,"https://skilldrills.online/opengraph-image"
/de/drills/visual-tracking/momentum-teleport-pursuit,de,42,122,1,9,1726,true,true,true,10,0,0,"BreadcrumbList|SoftwareApplication|WebApplication|VideoGame|HowTo|FAQPage",0.0232,4,"https://skilldrills.online/opengraph-image"
/de/drills/visual-tracking/peripheral-ping-pursuit,de,41,151,1,9,1627,true,true,true,10,0,0,"BreadcrumbList|SoftwareApplication|WebApplication|VideoGame|HowTo|FAQPage",0.0227,3,"https://skilldrills.online/opengraph-image"
/de/drills/visual-tracking/predictive-pursuit,de,40,135,1,9,1767,true,true,true,10,0,0,"BreadcrumbList|SoftwareApplication|WebApplication|VideoGame|HowTo|FAQPage",0.0245,2,"https://skilldrills.online/opengraph-image"
/de/drills/visual-tracking/sine-wave-pursuit,de,41,129,1,9,1693,true,true,true,10,0,0,"BreadcrumbList|SoftwareApplication|WebApplication|VideoGame|HowTo|FAQPage",0.0239,6,"https://skilldrills.online/opengraph-image"
/de/drills/visual-tracking/spatial-shift-pursuit,de,50,131,1,9,1587,true,true,true,10,0,0,"BreadcrumbList|SoftwareApplication|WebApplication|VideoGame|HowTo|FAQPage",0.031,3,"https://skilldrills.online/opengraph-image"
/de/drills/visual-tracking/split-screen-tracking,de,54,127,1,9,1561,true,true,true,10,0,0,"BreadcrumbList|SoftwareApplication|WebApplication|VideoGame|HowTo|FAQPage",0.0236,5,"https://skilldrills.online/opengraph-image"
/de/drills/visual-tracking/staircase-step,de,56,130,1,9,1491,true,true,true,10,0,0,"BreadcrumbList|SoftwareApplication|WebApplication|VideoGame|HowTo|FAQPage",0.0246,7,"https://skilldrills.online/opengraph-image"
/de/drills/visual-tracking/strobe-prediction-pursuit,de,42,139,1,8,1421,true,true,true,10,0,0,"BreadcrumbList|SoftwareApplication|WebApplication|VideoGame|HowTo|FAQPage",0.0252,5,"https://skilldrills.online/opengraph-image"
/de/drills/visual-tracking/triangular-pursuit,de,40,124,1,8,1422,true,true,true,10,0,0,"BreadcrumbList|SoftwareApplication|WebApplication|VideoGame|HowTo|FAQPage",0.0289,5,"https://skilldrills.online/opengraph-image"
/de/drills/visual-tracking/zig-zag-path-pursuit,de,38,109,1,8,1368,true,true,true,10,0,0,"BreadcrumbList|SoftwareApplication|WebApplication|VideoGame|HowTo|FAQPage",0.026,2,"https://skilldrills.online/opengraph-image"
/de/drills/visual/depth-perception/distance-judgment,de,48,143,1,9,1365,true,true,true,10,0,0,"BreadcrumbList|SoftwareApplication|WebApplication|VideoGame|HowTo|FAQPage",0.0293,7,"https://skilldrills.online/opengraph-image"
/de/drills/visual/reaction-speed/go/no-go,de,57,106,1,10,1584,true,true,true,10,0,0,"BreadcrumbList|SoftwareApplication|WebApplication|HowTo|FAQPage|VideoGame",0.0437,8,"https://skilldrills.online/opengraph-image"
/de/drills/visual/reaction-speed/light-reaction,de,59,145,1,10,1651,true,true,true,10,0,0,"BreadcrumbList|SoftwareApplication|WebApplication|HowTo|FAQPage|VideoGame",0.0459,9,"https://skilldrills.online/opengraph-image"
/de/drills/visual/tracking-accuracy/moving-target,de,53,140,1,10,1559,true,true,true,10,0,0,"BreadcrumbList|SoftwareApplication|WebApplication|HowTo|FAQPage|VideoGame",0.0494,15,"https://skilldrills.online/opengraph-image"
/de/drills/visual/tracking-accuracy/multiple-targets,de,50,146,1,10,1847,true,true,true,10,0,0,"BreadcrumbList|SoftwareApplication|WebApplication|VideoGame|HowTo|FAQPage",0.0408,13,"https://skilldrills.online/opengraph-image"
/de/drills/visual/tracking-accuracy/pursuit-tracker,de,48,134,1,10,1961,true,true,true,10,0,0,"BreadcrumbList|SoftwareApplication|WebApplication|VideoGame|HowTo|FAQPage",0.0401,12,"https://skilldrills.online/opengraph-image"
/de/drills/visual/visual-recognition/entropic-grid,de,55,152,1,10,2033,true,true,true,10,0,0,"BreadcrumbList|SoftwareApplication|WebApplication|VideoGame|HowTo|FAQPage",0.0351,5,"https://skilldrills.online/opengraph-image"
/de/drills/visual/visual-recognition/rhythm-anomaly,de,52,149,1,6,1587,true,true,true,10,0,0,"BreadcrumbList|SoftwareApplication|WebApplication|FAQPage|HowTo|VideoGame",0.0481,4,"https://skilldrills.online/opengraph-image"
/de/drills/visual/visual-recognition/visual-search,de,50,135,1,6,1679,true,true,true,10,0,0,"BreadcrumbList|SoftwareApplication|WebApplication|FAQPage|HowTo|VideoGame",0.046,7,"https://skilldrills.online/opengraph-image"
/delete-account,en,39,145,1,6,451,true,false,false,0,0,0,"",0.2597,11,"https://skilldrills.online/opengraph-image?442709f6ac327c19"
/drills,en,48,125,1,12,457,true,true,true,3,0,0,"BreadcrumbList|CollectionPage|FAQPage",0.088,94,"https://skilldrills.online/icons/icon-512x512.png"
/drills/cognitive,en,51,106,1,7,1016,true,true,true,8,0,0,"BreadcrumbList|CollectionPage|FAQPage",0.1372,21,"https://skilldrills.online/icons/icon-512x512.png"
/drills/cognitive/attention/concentration-stamina,en,58,135,1,10,1210,true,true,true,10,0,0,"BreadcrumbList|SoftwareApplication|WebApplication|VideoGame|FAQPage|HowTo",0.1321,15,"https://skilldrills.online/drills/cognitive/attention/concentration-stamina/opengraph-image?2a9b2f82e884d6d8"
/drills/cognitive/attention/divided-attention,en,55,134,1,10,1313,true,true,true,10,0,0,"BreadcrumbList|SoftwareApplication|WebApplication|VideoGame|FAQPage|HowTo",0.1254,8,"https://skilldrills.online/drills/cognitive/attention/divided-attention/opengraph-image?ac78f56454e20f81"
/drills/cognitive/attention/multi-tasking,en,56,132,1,10,1164,true,true,true,10,0,0,"BreadcrumbList|SoftwareApplication|WebApplication|VideoGame|FAQPage|HowTo",0.1205,6,"https://skilldrills.online/drills/cognitive/attention/multi-tasking/opengraph-image?d031a9260d9138ad"
/drills/cognitive/focus/concentration-grid,en,55,142,1,11,2270,true,true,true,10,0,0,"BreadcrumbList|WebApplication|SoftwareApplication|VideoGame|HowTo|FAQPage",0.1476,10,"https://skilldrills.online/drills/cognitive/focus/concentration-grid/opengraph-image?cda745610b407c8f"
/drills/cognitive/focus/distraction-fighter,en,58,135,1,9,1675,true,true,true,10,0,0,"BreadcrumbList|WebApplication|SoftwareApplication|VideoGame|HowTo|FAQPage",0.176,6,"https://skilldrills.online/drills/cognitive/focus/distraction-fighter/opengraph-image?2d55a7c906a96803"
/drills/cognitive/processing-speed/reaction-time,en,58,146,1,11,1681,true,true,true,10,0,0,"BreadcrumbList|SoftwareApplication|WebApplication|VideoGame|FAQPage|HowTo",0.154,8,"https://skilldrills.online/drills/cognitive/processing-speed/reaction-time/opengraph-image?8ac3654c124ea596"
/drills/cognitive/processing-speed/rsvp-reader,en,53,151,1,11,1671,true,true,true,10,0,0,"BreadcrumbList|SoftwareApplication|WebApplication|VideoGame|FAQPage|HowTo",0.1479,3,"https://skilldrills.online/drills/cognitive/processing-speed/rsvp-reader/opengraph-image?0f52e211b186d371"
/drills/cognitive/processing-speed/symbol-matching,en,56,152,1,11,1749,true,true,true,10,0,0,"BreadcrumbList|SoftwareApplication|WebApplication|VideoGame|FAQPage|HowTo",0.1792,3,"https://skilldrills.online/drills/cognitive/processing-speed/symbol-matching/opengraph-image?1a665462f3bc1913"
/drills/fps,en,49,123,1,7,1276,true,true,true,8,0,0,"BreadcrumbList|CollectionPage|FAQPage",0.1427,28,"https://skilldrills.online/icons/icon-512x512.png"
/drills/fps/180-degree-awareness,en,52,135,1,11,1947,true,true,true,10,0,0,"BreadcrumbList|SoftwareApplication|WebApplication|VideoGame|FAQPage|HowTo",0.1437,18,"https://skilldrills.online/drills/fps/180-degree-awareness/opengraph-image?b32daa5bd80fa75f"
/drills/fps/angle-hold-trainer,en,54,148,1,11,2214,true,true,true,10,0,0,"BreadcrumbList|WebApplication|SoftwareApplication|VideoGame|FAQPage|HowTo",0.1538,15,"https://skilldrills.online/drills/fps/angle-hold-trainer/opengraph-image?ee171824f6dabfdf"
/drills/fps/anti-strafe-jitter-duel,en,55,139,1,11,1999,true,true,true,10,0,0,"BreadcrumbList|SoftwareApplication|WebApplication|VideoGame|FAQPage|HowTo",0.1326,7,"https://skilldrills.online/drills/fps/anti-strafe-jitter-duel/opengraph-image?492bcf5ad40dc3ec"
/drills/fps/anti-zigzag-movement-trainer,en,56,145,1,11,2084,true,true,true,10,0,0,"BreadcrumbList|WebApplication|SoftwareApplication|VideoGame|FAQPage|HowTo",0.1389,2,"https://skilldrills.online/drills/fps/anti-zigzag-movement-trainer/opengraph-image?6f70ca51f0214829"
/drills/fps/flick-shot-training,en,52,151,1,11,2145,true,true,true,10,0,0,"BreadcrumbList|SoftwareApplication|WebApplication|VideoGame|FAQPage|HowTo",0.1433,4,"https://skilldrills.online/drills/fps/flick-shot-training/opengraph-image?fb2b8517fd1adaf0"
/drills/fps/flow-state,en,57,138,1,11,2040,true,true,true,10,0,0,"BreadcrumbList|WebApplication|SoftwareApplication|VideoGame|FAQPage|HowTo",0.1426,5,"https://skilldrills.online/drills/fps/flow-state/opengraph-image?2ff3c5ea9814e7d2"
/drills/fps/instant-response,en,58,149,1,11,2166,true,true,true,10,0,0,"BreadcrumbList|SoftwareApplication|WebApplication|VideoGame|FAQPage|HowTo",0.1395,10,"https://skilldrills.online/drills/fps/instant-response/opengraph-image?7b0c311d676c9eeb"
/drills/fps/micro-correction-precision,en,54,153,1,11,2200,true,true,true,10,0,0,"BreadcrumbList|SoftwareApplication|WebApplication|VideoGame|FAQPage|HowTo",0.1478,10,"https://skilldrills.online/drills/fps/micro-correction-precision/opengraph-image?d56914d30a8d0a98"
/drills/fps/pro-smooth-pursuit,en,57,142,1,11,2063,true,true,true,10,0,0,"BreadcrumbList|WebApplication|SoftwareApplication|VideoGame|FAQPage|HowTo",0.1412,8,"https://skilldrills.online/drills/fps/pro-smooth-pursuit/opengraph-image?cce1816232247ec1"
/drills/fps/recoil-control,en,53,144,1,11,2146,true,true,true,10,0,0,"BreadcrumbList|WebApplication|SoftwareApplication|VideoGame|FAQPage|HowTo",0.1479,7,"https://skilldrills.online/drills/fps/recoil-control/opengraph-image?afb149b00990db51"
/drills/fps/strafe-tracking,en,56,145,1,11,2082,true,true,true,10,0,0,"BreadcrumbList|WebApplication|SoftwareApplication|VideoGame|FAQPage|HowTo",0.1453,6,"https://skilldrills.online/drills/fps/strafe-tracking/opengraph-image?b084caa45b97cf02"
/drills/fps/target-acquisition,en,56,140,1,11,1914,true,true,true,10,0,0,"BreadcrumbList|SoftwareApplication|WebApplication|VideoGame|FAQPage|HowTo",0.1487,4,"https://skilldrills.online/drills/fps/target-acquisition/opengraph-image?bedc0702c90f6b1c"
/drills/fps/target-prioritization,en,60,146,1,11,2063,true,true,true,10,0,0,"BreadcrumbList|SoftwareApplication|WebApplication|VideoGame|FAQPage|HowTo",0.1278,5,"https://skilldrills.online/drills/fps/target-prioritization/opengraph-image?3f43f18562a21b22"
/drills/fps/target-switching-swarm,en,57,143,1,11,1996,true,true,true,10,0,0,"BreadcrumbList|SoftwareApplication|WebApplication|VideoGame|FAQPage|HowTo",0.1385,4,"https://skilldrills.online/drills/fps/target-switching-swarm/opengraph-image?c5608155da69eb4a"
/drills/fps/vertical-air-track,en,56,147,1,11,2006,true,true,true,10,0,0,"BreadcrumbList|SoftwareApplication|WebApplication|VideoGame|FAQPage|HowTo",0.1453,3,"https://skilldrills.online/drills/fps/vertical-air-track/opengraph-image?fd32953cf22d3903"
/drills/memory,en,44,153,1,7,841,true,true,true,10,0,0,"BreadcrumbList|CollectionPage|FAQPage",0.1111,20,"https://skilldrills.online/icons/icon-512x512.png"
/drills/memory/short-term-memory/color-sequence,en,53,150,1,11,2192,true,true,true,10,0,0,"BreadcrumbList|SoftwareApplication|WebApplication|VideoGame|FAQPage|HowTo",0.1474,8,"https://skilldrills.online/drills/memory/short-term-memory/color-sequence/opengraph-image?1adb40215cee480a"
/drills/memory/short-term-memory/digit-span,en,52,133,1,11,2088,true,true,true,10,0,0,"BreadcrumbList|SoftwareApplication|WebApplication|VideoGame|FAQPage|HowTo",0.1521,8,"https://skilldrills.online/drills/memory/short-term-memory/digit-span/opengraph-image?b6594aaa692b72ed"
/drills/memory/short-term-memory/word-recall,en,51,138,1,11,2118,true,true,true,10,0,0,"BreadcrumbList|SoftwareApplication|WebApplication|VideoGame|FAQPage|HowTo",0.1502,4,"https://skilldrills.online/drills/memory/short-term-memory/word-recall/opengraph-image?b8915f2aa53d3c3c"
/drills/memory/spatial-memory/grid-memorization,en,59,137,1,10,2097,true,true,true,10,0,0,"BreadcrumbList|SoftwareApplication|WebApplication|VideoGame|FAQPage|HowTo",0.1495,7,"https://skilldrills.online/drills/memory/spatial-memory/grid-memorization/opengraph-image?eeac054b98e71b30"
/drills/memory/spatial-memory/object-location,en,58,118,1,10,2096,true,true,true,10,0,0,"BreadcrumbList|SoftwareApplication|WebApplication|VideoGame|FAQPage|HowTo",0.1523,5,"https://skilldrills.online/drills/memory/spatial-memory/object-location/opengraph-image?15fad46aef3ddcf2"
/drills/memory/spatial-memory/path-tracing,en,58,132,1,10,2119,true,true,true,10,0,0,"BreadcrumbList|SoftwareApplication|WebApplication|VideoGame|FAQPage|HowTo",0.1393,5,"https://skilldrills.online/drills/memory/spatial-memory/path-tracing/opengraph-image?e787f0dc1f677c3d"
/drills/memory/working-memory/n-back,en,56,124,1,10,2019,true,true,true,10,0,0,"BreadcrumbList|SoftwareApplication|WebApplication|VideoGame|FAQPage|HowTo",0.1401,3,"https://skilldrills.online/drills/memory/working-memory/n-back/opengraph-image?f3472875421021f4"
/drills/motor,en,51,121,1,7,1065,true,true,true,8,0,0,"BreadcrumbList|CollectionPage|FAQPage",0.1462,21,"https://skilldrills.online/icons/icon-512x512.png"
/drills/motor/hand-eye-coordination/aim-trainer,en,58,153,1,11,1834,true,true,true,10,0,0,"BreadcrumbList|SoftwareApplication|WebApplication|VideoGame|FAQPage|HowTo",0.1552,32,"https://skilldrills.online/drills/motor/hand-eye-coordination/aim-trainer/opengraph-image?b110d85b074cc0b3"
/drills/motor/hand-eye-coordination/drag-and-drop,en,54,154,1,10,1933,true,true,true,10,0,0,"BreadcrumbList|SoftwareApplication|WebApplication|VideoGame|FAQPage|HowTo",0.1464,8,"https://skilldrills.online/drills/motor/hand-eye-coordination/drag-and-drop/opengraph-image?382e91cd3a852a2f"
/drills/motor/hand-eye-coordination/precision-flick-shot,en,56,150,1,10,1921,true,true,true,10,0,0,"BreadcrumbList|SoftwareApplication|WebApplication|VideoGame|FAQPage|HowTo",0.1304,9,"https://skilldrills.online/drills/motor/hand-eye-coordination/precision-flick-shot/opengraph-image?73e137c815245b14"
/drills/motor/movement-speed/finger-sequencing,en,45,145,1,10,1539,true,true,true,10,0,0,"BreadcrumbList|SoftwareApplication|WebApplication|VideoGame|FAQPage|HowTo",0.1361,10,"https://skilldrills.online/drills/motor/movement-speed/finger-sequencing/opengraph-image?175c62fc71bd369f"
/drills/motor/movement-speed/keyboard-recognition,en,51,136,1,11,1629,true,true,true,10,0,0,"BreadcrumbList|SoftwareApplication|WebApplication|VideoGame|FAQPage|HowTo",0.1194,5,"https://skilldrills.online/drills/motor/movement-speed/keyboard-recognition/opengraph-image?cb63fcb8018f0310"
/drills/motor/movement-speed/rapid-tapping,en,56,125,1,10,1648,true,true,true,10,0,0,"BreadcrumbList|SoftwareApplication|WebApplication|VideoGame|FAQPage|HowTo",0.1375,5,"https://skilldrills.online/drills/motor/movement-speed/rapid-tapping/opengraph-image?ec0d627a21f22b3d"
/drills/motor/precision-control/steady-hand,en,53,130,1,10,1612,true,true,true,10,0,0,"BreadcrumbList|SoftwareApplication|WebApplication|VideoGame|FAQPage|HowTo",0.1377,5,"https://skilldrills.online/drills/motor/precision-control/steady-hand/opengraph-image?39fc354003575c9e"
/drills/motor/precision-control/tracing,en,48,130,1,10,1678,true,true,true,10,0,0,"BreadcrumbList|SoftwareApplication|WebApplication|VideoGame|FAQPage|HowTo",0.1389,15,"https://skilldrills.online/drills/motor/precision-control/tracing/opengraph-image?05a9a116aa2ff981"
/drills/physical,en,46,125,1,7,1050,true,true,true,10,0,0,"BreadcrumbList|CollectionPage|FAQPage",0.1324,24,"https://skilldrills.online/icons/icon-512x512.png"
/drills/physical/balance-training/stability-challenge,en,56,143,1,10,1727,true,true,true,10,0,0,"BreadcrumbList|SoftwareApplication|WebApplication|FAQPage|VideoGame|HowTo",0.1513,6,"https://skilldrills.online/drills/physical/balance-training/stability-challenge/opengraph-image?93b85966f0ca5583"
/drills/physical/coordination/complex-pattern,en,54,146,1,10,1655,true,true,true,10,0,0,"BreadcrumbList|SoftwareApplication|WebApplication|FAQPage|VideoGame|HowTo",0.1555,14,"https://skilldrills.online/drills/physical/coordination/complex-pattern/opengraph-image?511fe72be7ed0bf5"
/drills/physical/coordination/cross-body-movement,en,40,149,1,10,1888,true,true,true,10,0,0,"BreadcrumbList|SoftwareApplication|WebApplication|FAQPage|VideoGame|HowTo",0.157,6,"https://skilldrills.online/drills/physical/coordination/cross-body-movement/opengraph-image?7d18aec120a53ab7"
/drills/physical/coordination/dynamic-grid-evasion,en,36,137,1,10,1870,true,true,true,10,0,0,"BreadcrumbList|SoftwareApplication|WebApplication|FAQPage|VideoGame|HowTo",0.145,9,"https://skilldrills.online/drills/physical/coordination/dynamic-grid-evasion/opengraph-image?af10ec54dd819569"
/drills/physical/fitness/agility-ladder,en,35,149,1,10,1754,true,true,true,10,0,0,"BreadcrumbList|SoftwareApplication|WebApplication|FAQPage|VideoGame|HowTo",0.1293,7,"https://skilldrills.online/drills/physical/fitness/agility-ladder/opengraph-image?92a84cba37897291"
/drills/physical/fitness/jump-sequence,en,57,137,1,10,1780,true,true,true,10,0,0,"BreadcrumbList|SoftwareApplication|WebApplication|FAQPage|VideoGame|HowTo",0.1376,3,"https://skilldrills.online/icons/icon-512x512.png"
/drills/physical/fitness/speed-drill,en,57,132,1,10,1735,true,true,true,10,0,0,"BreadcrumbList|SoftwareApplication|WebApplication|FAQPage|VideoGame|HowTo",0.1323,4,"https://skilldrills.online/icons/icon-512x512.png"
/drills/physical/reflex-training/drop-catch,en,44,129,1,10,1712,true,true,true,10,0,0,"BreadcrumbList|SoftwareApplication|WebApplication|FAQPage|VideoGame|HowTo",0.1378,7,"https://skilldrills.online/icons/icon-512x512.png"
/drills/physical/reflex-training/peripheral-threat-sweeper,en,52,142,1,10,1658,true,true,true,10,0,0,"BreadcrumbList|SoftwareApplication|WebApplication|FAQPage|VideoGame|HowTo",0.1453,7,"https://skilldrills.online/icons/icon-512x512.png"
/drills/physical/reflex-training/quick-dodge,en,36,133,1,10,1433,true,true,true,10,0,0,"BreadcrumbList|SoftwareApplication|WebApplication|FAQPage|VideoGame|HowTo",0.1471,8,"https://skilldrills.online/icons/icon-512x512.png"
/drills/physical/reflex-training/reaction-chain,en,46,140,1,10,1503,true,true,true,10,0,0,"BreadcrumbList|SoftwareApplication|WebApplication|FAQPage|VideoGame|HowTo",0.1416,26,"https://skilldrills.online/icons/icon-512x512.png"
/drills/reaction-speed,en,51,147,1,7,888,true,true,true,10,0,0,"BreadcrumbList|CollectionPage|FAQPage",0.1196,21,"https://skilldrills.online/icons/icon-512x512.png"
/drills/reaction-speed/barrier-sequence-pursuit,en,33,153,1,10,1303,true,true,true,10,0,0,"BreadcrumbList|SoftwareApplication|WebApplication|VideoGame|FAQPage|HowTo",0.1422,5,"https://skilldrills.online/drills/reaction-speed/barrier-sequence-pursuit/opengraph-image?537eb06c223cadcb"
/drills/reaction-speed/fps-tracking-trainer,en,34,155,1,10,1366,true,true,true,10,0,0,"BreadcrumbList|SoftwareApplication|WebApplication|VideoGame|FAQPage|HowTo",0.1466,8,"https://skilldrills.online/drills/reaction-speed/fps-tracking-trainer/opengraph-image?94842c6753828067"
/drills/reaction-speed/market-doors-pursuit,en,37,152,1,10,1323,true,true,true,10,0,0,"BreadcrumbList|SoftwareApplication|WebApplication|VideoGame|FAQPage|HowTo",0.1412,6,"https://skilldrills.online/drills/reaction-speed/market-doors-pursuit/opengraph-image?68b2b1378676f448"
/drills/reaction-speed/reaction-game,en,27,148,1,10,1331,true,true,true,10,0,0,"BreadcrumbList|SoftwareApplication|WebApplication|VideoGame|FAQPage|HowTo",0.1432,4,"https://skilldrills.online/drills/reaction-speed/reaction-game/opengraph-image?184c471c88669964"
/drills/reaction-speed/reaction-time-test,en,50,149,1,11,1958,true,true,true,16,0,0,"BreadcrumbList|WebApplication|SoftwareApplication|VideoGame|HowTo|FAQPage",0.133,4,"https://skilldrills.online/drills/reaction-speed/reaction-time-test/opengraph-image?8012262e2d931e33"
/drills/reaction-speed/reflex-training-drill,en,41,147,1,10,1383,true,true,true,10,0,0,"BreadcrumbList|SoftwareApplication|WebApplication|VideoGame|FAQPage|HowTo",0.1537,4,"https://skilldrills.online/drills/reaction-speed/reflex-training-drill/opengraph-image?33ff7a9da1595bdd"
/drills/reaction-speed/saccadic-gallery,en,48,143,1,10,1066,true,true,true,10,0,0,"BreadcrumbList|SoftwareApplication|WebApplication|VideoGame|FAQPage|HowTo",0.1351,3,"https://skilldrills.online/drills/reaction-speed/saccadic-gallery/opengraph-image?77e1fef21a7a9712"
/drills/reaction-speed/visual-tracking-speed-test,en,34,125,1,10,1355,true,true,true,10,0,0,"BreadcrumbList|SoftwareApplication|WebApplication|VideoGame|FAQPage|HowTo",0.1464,8,"https://skilldrills.online/drills/reaction-speed/visual-tracking-speed-test/opengraph-image?55ede91b5f759aa7"
/drills/visual,en,45,123,1,7,1024,true,true,true,10,0,0,"BreadcrumbList|CollectionPage|FAQPage",0.1421,22,"https://skilldrills.online/icons/icon-512x512.png"
/drills/visual-tracking,en,45,145,1,7,1096,true,true,true,10,0,0,"BreadcrumbList|CollectionPage|FAQPage",0.1072,28,"https://skilldrills.online/icons/icon-512x512.png"
/drills/visual-tracking/constant-slow-pursuit,en,37,131,1,9,1306,true,true,true,10,0,0,"BreadcrumbList|SoftwareApplication|WebApplication|VideoGame|FAQPage|HowTo",0.1409,12,"https://skilldrills.online/drills/visual-tracking/constant-slow-pursuit/opengraph-image?ae7588e74bda95e3"
/drills/visual-tracking/directional-chaos-pursuit,en,54,150,1,8,1483,true,true,true,10,0,0,"BreadcrumbList|SoftwareApplication|WebApplication|VideoGame|HowTo|FAQPage",0.1174,4,"https://skilldrills.online/drills/visual-tracking/directional-chaos-pursuit/opengraph-image?8efbd951836c5455"
/drills/visual-tracking/dynamic-evasion-pursuit,en,59,137,1,8,1447,true,true,true,10,0,0,"BreadcrumbList|SoftwareApplication|WebApplication|VideoGame|HowTo|FAQPage",0.1041,4,"https://skilldrills.online/drills/visual-tracking/dynamic-evasion-pursuit/opengraph-image?d0bbe75d09a3ec5c"
/drills/visual-tracking/ghosting-suppress-pursuit,en,56,142,1,8,1386,true,true,true,10,0,0,"BreadcrumbList|SoftwareApplication|WebApplication|VideoGame|HowTo|FAQPage",0.0987,3,"https://skilldrills.online/drills/visual-tracking/ghosting-suppress-pursuit/opengraph-image?2612dac92799481e"
/drills/visual-tracking/infinity-pursuit,en,54,137,1,8,1347,true,true,true,10,0,0,"BreadcrumbList|SoftwareApplication|WebApplication|VideoGame|HowTo|FAQPage",0.1091,3,"https://skilldrills.online/drills/visual-tracking/infinity-pursuit/opengraph-image?9fe1afee3305388d"
/drills/visual-tracking/momentum-teleport-pursuit,en,53,149,1,9,1566,true,true,true,10,0,0,"BreadcrumbList|SoftwareApplication|WebApplication|VideoGame|HowTo|FAQPage",0.1204,4,"https://skilldrills.online/drills/visual-tracking/momentum-teleport-pursuit/opengraph-image?8c9a7a856581fa9d"
/drills/visual-tracking/peripheral-ping-pursuit,en,55,146,1,9,1557,true,true,true,10,0,0,"BreadcrumbList|SoftwareApplication|WebApplication|VideoGame|HowTo|FAQPage",0.1264,3,"https://skilldrills.online/drills/visual-tracking/peripheral-ping-pursuit/opengraph-image?bc9f5e8e5e5d8902"
/drills/visual-tracking/predictive-pursuit,en,53,149,1,9,1470,true,true,true,10,0,0,"BreadcrumbList|SoftwareApplication|WebApplication|VideoGame|HowTo|FAQPage",0.1158,2,"https://skilldrills.online/drills/visual-tracking/predictive-pursuit/opengraph-image?7d701b0042b58262"
/drills/visual-tracking/sine-wave-pursuit,en,53,154,1,9,1486,true,true,true,10,0,0,"BreadcrumbList|SoftwareApplication|WebApplication|VideoGame|HowTo|FAQPage",0.1104,6,"https://skilldrills.online/drills/visual-tracking/sine-wave-pursuit/opengraph-image?93fcaaf26581b34f"
/drills/visual-tracking/spatial-shift-pursuit,en,59,144,1,9,1563,true,true,true,10,0,0,"BreadcrumbList|SoftwareApplication|WebApplication|VideoGame|HowTo|FAQPage",0.1195,3,"https://skilldrills.online/drills/visual-tracking/spatial-shift-pursuit/opengraph-image?8fe4e02baa077397"
/drills/visual-tracking/split-screen-tracking,en,55,144,1,9,1549,true,true,true,10,0,0,"BreadcrumbList|SoftwareApplication|WebApplication|VideoGame|HowTo|FAQPage",0.1099,5,"https://skilldrills.online/drills/visual-tracking/split-screen-tracking/opengraph-image?8a075e9e22eff5e5"
/drills/visual-tracking/staircase-step,en,58,142,1,9,1551,true,true,true,10,0,0,"BreadcrumbList|SoftwareApplication|WebApplication|VideoGame|HowTo|FAQPage",0.1124,7,"https://skilldrills.online/drills/visual-tracking/staircase-step/opengraph-image?e2d740fcc58c6207"
/drills/visual-tracking/strobe-prediction-pursuit,en,42,137,1,8,1336,true,true,true,10,0,0,"BreadcrumbList|SoftwareApplication|WebApplication|VideoGame|HowTo|FAQPage",0.1298,5,"https://skilldrills.online/drills/visual-tracking/strobe-prediction-pursuit/opengraph-image?db0e41c19240cfd3"
/drills/visual-tracking/triangular-pursuit,en,60,131,1,7,1489,true,true,true,10,0,0,"BreadcrumbList|SoftwareApplication|WebApplication|VideoGame|HowTo|FAQPage",0.1032,5,"https://skilldrills.online/drills/visual-tracking/triangular-pursuit/opengraph-image?1fa0406a1b3411db"
/drills/visual-tracking/zig-zag-path-pursuit,en,55,130,1,7,1487,true,true,true,10,0,0,"BreadcrumbList|SoftwareApplication|WebApplication|VideoGame|HowTo|FAQPage",0.1074,2,"https://skilldrills.online/drills/visual-tracking/zig-zag-path-pursuit/opengraph-image?92df2cd9649cafdb"
/drills/visual/depth-perception/distance-judgment,en,59,146,1,11,1923,true,true,true,10,0,0,"BreadcrumbList|SoftwareApplication|WebApplication|VideoGame|HowTo|FAQPage",0.1563,7,"https://skilldrills.online/drills/visual/depth-perception/distance-judgment/opengraph-image?0ff3f61ac4d3c62e"
/drills/visual/reaction-speed/go/no-go,en,49,141,1,11,2107,true,true,true,10,0,0,"BreadcrumbList|SoftwareApplication|WebApplication|HowTo|FAQPage|VideoGame",0.1381,8,"https://skilldrills.online/drills/visual/reaction-speed/go/no-go/opengraph-image?a1df26fce00e0a87"
/drills/visual/reaction-speed/light-reaction,en,53,145,1,11,2136,true,true,true,10,0,0,"BreadcrumbList|SoftwareApplication|WebApplication|HowTo|FAQPage|VideoGame",0.1392,10,"https://skilldrills.online/drills/visual/reaction-speed/light-reaction/opengraph-image?d2e1300c5089777e"
/drills/visual/tracking-accuracy/moving-target,en,57,142,1,11,2031,true,true,true,10,0,0,"BreadcrumbList|SoftwareApplication|WebApplication|HowTo|FAQPage|VideoGame",0.1374,15,"https://skilldrills.online/drills/visual/tracking-accuracy/moving-target/opengraph-image?78b5da64b4a08671"
/drills/visual/tracking-accuracy/multiple-targets,en,53,152,1,11,2079,true,true,true,10,0,0,"BreadcrumbList|SoftwareApplication|WebApplication|HowTo|FAQPage|VideoGame",0.1367,13,"https://skilldrills.online/drills/visual/tracking-accuracy/multiple-targets/opengraph-image?a4660633701527c7"
/drills/visual/tracking-accuracy/pursuit-tracker,en,56,137,1,7,1872,true,true,true,10,0,0,"BreadcrumbList|SoftwareApplication|WebApplication|FAQPage|HowTo|VideoGame",0.1326,12,"https://skilldrills.online/drills/visual/tracking-accuracy/pursuit-tracker/opengraph-image?e422cbe1502d59f9"
/drills/visual/visual-recognition/entropic-grid,en,58,142,1,7,1746,true,true,true,10,0,0,"BreadcrumbList|SoftwareApplication|WebApplication|FAQPage|HowTo|VideoGame",0.1271,5,"https://skilldrills.online/drills/visual/visual-recognition/entropic-grid/opengraph-image?1e1421084bdcab56"
/drills/visual/visual-recognition/rhythm-anomaly,en,56,130,1,7,1753,true,true,true,10,0,0,"BreadcrumbList|SoftwareApplication|WebApplication|FAQPage|HowTo|VideoGame",0.1382,4,"https://skilldrills.online/drills/visual/visual-recognition/rhythm-anomaly/opengraph-image?6ead674fe14dcd6a"
/drills/visual/visual-recognition/visual-search,en,50,153,1,7,2026,true,true,true,10,0,0,"BreadcrumbList|SoftwareApplication|WebApplication|FAQPage|HowTo|VideoGame",0.1236,7,"https://skilldrills.online/drills/visual/visual-recognition/visual-search/opengraph-image?8bb1e37654b9d7c7"
/es,es,50,125,1,7,734,true,true,true,0,0,0,"WebPage",0.0015,9,"https://skilldrills.online/icons/icon-512x512.png"
/es/drills,es,48,128,1,11,872,true,true,true,8,0,0,"BreadcrumbList|CollectionPage|FAQPage",0.0161,89,"https://skilldrills.online/icons/icon-512x512.png"
/es/drills/cognitive,es,52,112,1,6,1238,true,true,true,8,0,0,"BreadcrumbList|CollectionPage|FAQPage",0.0008,17,"https://skilldrills.online/icons/icon-512x512.png"
/es/drills/cognitive/attention/concentration-stamina,es,56,136,1,9,1189,true,true,true,10,0,0,"BreadcrumbList|SoftwareApplication|WebApplication|VideoGame|FAQPage|HowTo",0.0303,15,"https://skilldrills.online/opengraph-image"
/es/drills/cognitive/attention/divided-attention,es,53,124,1,9,1200,true,true,true,10,0,0,"BreadcrumbList|SoftwareApplication|WebApplication|VideoGame|FAQPage|HowTo",0.0386,8,"https://skilldrills.online/opengraph-image"
/es/drills/cognitive/attention/multi-tasking,es,48,134,1,9,1211,true,true,true,10,0,0,"BreadcrumbList|SoftwareApplication|WebApplication|VideoGame|FAQPage|HowTo",0.0358,6,"https://skilldrills.online/opengraph-image"
/es/drills/cognitive/focus/concentration-grid,es,55,150,1,10,2253,true,true,true,10,0,0,"BreadcrumbList|WebApplication|SoftwareApplication|VideoGame|HowTo|FAQPage",0.0243,10,"https://skilldrills.online/opengraph-image"
/es/drills/cognitive/focus/distraction-fighter,es,49,116,1,10,2039,true,true,true,10,0,0,"BreadcrumbList|SoftwareApplication|WebApplication|VideoGame|HowTo|FAQPage",0.0342,6,"https://skilldrills.online/opengraph-image"
/es/drills/cognitive/processing-speed/reaction-time,es,54,139,1,10,1555,true,true,true,10,0,0,"BreadcrumbList|SoftwareApplication|WebApplication|VideoGame|FAQPage|HowTo",0.0196,7,"https://skilldrills.online/opengraph-image"
/es/drills/cognitive/processing-speed/rsvp-reader,es,42,124,1,10,1518,true,true,true,10,0,0,"BreadcrumbList|SoftwareApplication|WebApplication|VideoGame|FAQPage|HowTo",0.0151,3,"https://skilldrills.online/opengraph-image"
/es/drills/cognitive/processing-speed/symbol-matching,es,54,145,1,10,1404,true,true,true,10,0,0,"BreadcrumbList|SoftwareApplication|WebApplication|VideoGame|FAQPage|HowTo",0.0153,3,"https://skilldrills.online/opengraph-image"
/es/drills/fps,es,43,114,1,6,1753,true,true,true,8,0,0,"BreadcrumbList|CollectionPage|FAQPage",0.0006,24,"https://skilldrills.online/icons/icon-512x512.png"
/es/drills/fps/180-degree-awareness,es,52,132,1,10,1868,true,true,true,10,0,0,"BreadcrumbList|SoftwareApplication|WebApplication|VideoGame|FAQPage|HowTo",0.0197,18,"https://skilldrills.online/opengraph-image"
/es/drills/fps/angle-hold-trainer,es,46,128,1,10,2041,true,true,true,10,0,0,"BreadcrumbList|WebApplication|SoftwareApplication|VideoGame|FAQPage|HowTo",0.0405,15,"https://skilldrills.online/opengraph-image"
/es/drills/fps/anti-strafe-jitter-duel,es,54,123,1,10,1759,true,true,true,10,0,0,"BreadcrumbList|SoftwareApplication|WebApplication|VideoGame|FAQPage|HowTo",0.0281,7,"https://skilldrills.online/opengraph-image"
/es/drills/fps/anti-zigzag-movement-trainer,es,46,116,1,10,2042,true,true,true,10,0,0,"BreadcrumbList|WebApplication|SoftwareApplication|VideoGame|FAQPage|HowTo",0.0321,2,"https://skilldrills.online/opengraph-image"
/es/drills/fps/flick-shot-training,es,53,145,1,10,2153,true,true,true,10,0,0,"BreadcrumbList|SoftwareApplication|WebApplication|VideoGame|FAQPage|HowTo",0.06,4,"https://skilldrills.online/opengraph-image"
/es/drills/fps/flow-state,es,55,131,1,10,1860,true,true,true,10,0,0,"BreadcrumbList|WebApplication|SoftwareApplication|VideoGame|FAQPage|HowTo",0.0308,5,"https://skilldrills.online/opengraph-image"
/es/drills/fps/instant-response,es,55,117,1,10,1831,true,true,true,10,0,0,"BreadcrumbList|SoftwareApplication|WebApplication|VideoGame|FAQPage|HowTo",0.0341,9,"https://skilldrills.online/opengraph-image"
/es/drills/fps/micro-correction-precision,es,56,131,1,10,2198,true,true,true,10,0,0,"BreadcrumbList|SoftwareApplication|WebApplication|VideoGame|FAQPage|HowTo",0.0338,10,"https://skilldrills.online/opengraph-image"
/es/drills/fps/pro-smooth-pursuit,es,54,124,1,10,1770,true,true,true,10,0,0,"BreadcrumbList|SoftwareApplication|WebApplication|VideoGame|FAQPage|HowTo",0.0262,8,"https://skilldrills.online/opengraph-image"
/es/drills/fps/recoil-control,es,54,132,1,10,1845,true,true,true,10,0,0,"BreadcrumbList|SoftwareApplication|WebApplication|VideoGame|FAQPage|HowTo",0.0378,7,"https://skilldrills.online/opengraph-image"
/es/drills/fps/strafe-tracking,es,54,135,1,10,2214,true,true,true,10,0,0,"BreadcrumbList|WebApplication|SoftwareApplication|VideoGame|FAQPage|HowTo",0.0155,6,"https://skilldrills.online/opengraph-image"
/es/drills/fps/target-acquisition,es,59,146,1,10,1937,true,true,true,10,0,0,"BreadcrumbList|SoftwareApplication|WebApplication|VideoGame|FAQPage|HowTo",0.0145,4,"https://skilldrills.online/opengraph-image"
/es/drills/fps/target-prioritization,es,50,144,1,10,2018,true,true,true,10,0,0,"BreadcrumbList|SoftwareApplication|WebApplication|VideoGame|FAQPage|HowTo",0.0272,5,"https://skilldrills.online/opengraph-image"
/es/drills/fps/target-switching-swarm,es,56,132,1,10,1991,true,true,true,10,0,0,"BreadcrumbList|SoftwareApplication|WebApplication|VideoGame|FAQPage|HowTo",0.0319,4,"https://skilldrills.online/opengraph-image"
/es/drills/fps/vertical-air-track,es,56,125,1,10,1979,true,true,true,10,0,0,"BreadcrumbList|SoftwareApplication|WebApplication|VideoGame|FAQPage|HowTo",0.0297,3,"https://skilldrills.online/opengraph-image"
/es/drills/memory,es,46,129,1,6,964,true,true,true,10,0,0,"BreadcrumbList|CollectionPage|FAQPage",0.0011,16,"https://skilldrills.online/icons/icon-512x512.png"
/es/drills/memory/short-term-memory/color-sequence,es,55,130,1,10,2036,true,true,true,10,0,0,"BreadcrumbList|SoftwareApplication|WebApplication|VideoGame|FAQPage|HowTo",0.0133,8,"https://skilldrills.online/opengraph-image"
/es/drills/memory/short-term-memory/digit-span,es,55,124,1,9,1911,true,true,true,10,0,0,"BreadcrumbList|WebApplication|SoftwareApplication|VideoGame|HowTo|FAQPage",0.0345,8,"https://skilldrills.online/opengraph-image"
/es/drills/memory/short-term-memory/word-recall,es,54,137,1,10,2055,true,true,true,10,0,0,"BreadcrumbList|SoftwareApplication|WebApplication|VideoGame|FAQPage|HowTo",0.0286,4,"https://skilldrills.online/opengraph-image"
/es/drills/memory/spatial-memory/grid-memorization,es,43,130,1,9,2102,true,true,true,10,0,0,"BreadcrumbList|WebApplication|SoftwareApplication|VideoGame|HowTo|FAQPage",0.0331,7,"https://skilldrills.online/opengraph-image"
/es/drills/memory/spatial-memory/object-location,es,45,142,1,9,2037,true,true,true,10,0,0,"BreadcrumbList|SoftwareApplication|WebApplication|VideoGame|FAQPage|HowTo",0.0328,5,"https://skilldrills.online/opengraph-image"
/es/drills/memory/spatial-memory/path-tracing,es,53,126,1,9,2011,true,true,true,10,0,0,"BreadcrumbList|SoftwareApplication|WebApplication|VideoGame|FAQPage|HowTo",0.0334,5,"https://skilldrills.online/opengraph-image"
/es/drills/memory/working-memory/n-back,es,53,122,1,10,1587,true,true,true,10,0,0,"BreadcrumbList|WebApplication|SoftwareApplication|VideoGame|HowTo|FAQPage",0.0361,3,"https://skilldrills.online/opengraph-image"
/es/drills/motor,es,44,123,1,6,1171,true,true,true,8,0,0,"BreadcrumbList|CollectionPage|FAQPage",0.0089,17,"https://skilldrills.online/icons/icon-512x512.png"
/es/drills/motor/hand-eye-coordination/aim-trainer,es,53,136,1,6,1667,true,true,true,10,0,0,"BreadcrumbList|SoftwareApplication|WebApplication|VideoGame|FAQPage|HowTo",0.0386,32,"https://skilldrills.online/opengraph-image"
/es/drills/motor/hand-eye-coordination/drag-and-drop,es,54,133,1,9,1664,true,true,true,10,0,0,"BreadcrumbList|SoftwareApplication|WebApplication|VideoGame|FAQPage|HowTo",0.0425,8,"https://skilldrills.online/opengraph-image"
/es/drills/motor/hand-eye-coordination/precision-flick-shot,es,55,126,1,9,1652,true,true,true,10,0,0,"BreadcrumbList|SoftwareApplication|WebApplication|VideoGame|FAQPage|HowTo",0.0382,9,"https://skilldrills.online/opengraph-image"
/es/drills/motor/movement-speed/finger-sequencing,es,55,135,1,9,1286,true,true,true,10,0,0,"BreadcrumbList|SoftwareApplication|WebApplication|VideoGame|FAQPage|HowTo",0.039,10,"https://skilldrills.online/opengraph-image"
/es/drills/motor/movement-speed/keyboard-recognition,es,50,113,1,10,1498,true,true,true,10,0,0,"BreadcrumbList|SoftwareApplication|WebApplication|VideoGame|FAQPage|HowTo",0.0227,4,"https://skilldrills.online/opengraph-image"
/es/drills/motor/movement-speed/rapid-tapping,es,45,115,1,9,1726,true,true,true,10,0,0,"BreadcrumbList|SoftwareApplication|WebApplication|VideoGame|FAQPage|HowTo",0.0163,5,"https://skilldrills.online/opengraph-image"
/es/drills/motor/precision-control/steady-hand,es,54,136,1,9,1545,true,true,true,10,0,0,"BreadcrumbList|SoftwareApplication|WebApplication|VideoGame|FAQPage|HowTo",0.0216,5,"https://skilldrills.online/opengraph-image"
/es/drills/motor/precision-control/tracing,es,53,139,1,9,1542,true,true,true,10,0,0,"BreadcrumbList|SoftwareApplication|WebApplication|VideoGame|FAQPage|HowTo",0.0467,15,"https://skilldrills.online/opengraph-image"
/es/drills/physical,es,56,118,1,6,1295,true,true,true,10,0,0,"BreadcrumbList|CollectionPage|FAQPage",0.0008,20,"https://skilldrills.online/icons/icon-512x512.png"
/es/drills/physical/balance-training/stability-challenge,es,53,145,1,9,1846,true,true,true,10,0,0,"BreadcrumbList|SoftwareApplication|WebApplication|VideoGame|FAQPage|HowTo",0.0147,6,"https://skilldrills.online/opengraph-image"
/es/drills/physical/coordination/complex-pattern,es,53,147,1,9,1787,true,true,true,10,0,0,"BreadcrumbList|SoftwareApplication|WebApplication|VideoGame|FAQPage|HowTo",0.017,14,"https://skilldrills.online/opengraph-image"
/es/drills/physical/coordination/cross-body-movement,es,43,157,1,10,2241,true,true,true,10,0,0,"BreadcrumbList|SoftwareApplication|WebApplication|VideoGame|FAQPage|HowTo",0.0158,6,"https://skilldrills.online/opengraph-image"
/es/drills/physical/coordination/dynamic-grid-evasion,es,41,150,1,10,2148,true,true,true,10,0,0,"BreadcrumbList|SoftwareApplication|WebApplication|VideoGame|FAQPage|HowTo",0.0131,9,"https://skilldrills.online/opengraph-image"
/es/drills/physical/fitness/agility-ladder,es,48,142,1,10,2063,true,true,true,10,0,0,"BreadcrumbList|SoftwareApplication|WebApplication|VideoGame|FAQPage|HowTo",0.0146,7,"https://skilldrills.online/opengraph-image"
/es/drills/physical/fitness/jump-sequence,es,47,150,1,10,2283,true,true,true,10,0,0,"BreadcrumbList|SoftwareApplication|WebApplication|VideoGame|FAQPage|HowTo",0.0293,3,"https://skilldrills.online/opengraph-image"
/es/drills/physical/fitness/speed-drill,es,56,140,1,9,2099,true,true,true,10,0,0,"BreadcrumbList|SoftwareApplication|WebApplication|VideoGame|FAQPage|HowTo",0.0139,4,"https://skilldrills.online/opengraph-image"
/es/drills/physical/reflex-training/drop-catch,es,37,136,1,9,2110,true,true,true,10,0,0,"BreadcrumbList|SoftwareApplication|WebApplication|VideoGame|FAQPage|HowTo",0.0189,7,"https://skilldrills.online/opengraph-image"
/es/drills/physical/reflex-training/peripheral-threat-sweeper,es,40,147,1,9,2084,true,true,true,10,0,0,"BreadcrumbList|SoftwareApplication|WebApplication|VideoGame|FAQPage|HowTo",0.0149,7,"https://skilldrills.online/opengraph-image"
/es/drills/physical/reflex-training/quick-dodge,es,41,127,1,9,1897,true,true,true,10,0,0,"BreadcrumbList|SoftwareApplication|WebApplication|VideoGame|FAQPage|HowTo",0.0164,8,"https://skilldrills.online/opengraph-image"
/es/drills/physical/reflex-training/reaction-chain,es,38,142,1,9,2058,true,true,true,10,0,0,"BreadcrumbList|SoftwareApplication|WebApplication|VideoGame|FAQPage|HowTo",0.0146,26,"https://skilldrills.online/opengraph-image"
/es/drills/reaction-speed,es,59,134,1,6,887,true,true,true,10,0,0,"BreadcrumbList|CollectionPage|FAQPage",0.0012,16,"https://skilldrills.online/icons/icon-512x512.png"
/es/drills/reaction-speed/barrier-sequence-pursuit,es,43,155,1,9,1250,true,true,true,10,0,0,"BreadcrumbList|SoftwareApplication|WebApplication|VideoGame|FAQPage|HowTo",0.0161,5,"https://skilldrills.online/opengraph-image"
/es/drills/reaction-speed/fps-tracking-trainer,es,39,152,1,9,1267,true,true,true,10,0,0,"BreadcrumbList|SoftwareApplication|WebApplication|VideoGame|FAQPage|HowTo",0.0159,8,"https://skilldrills.online/opengraph-image"
/es/drills/reaction-speed/market-doors-pursuit,es,56,140,1,9,1332,true,true,true,10,0,0,"BreadcrumbList|SoftwareApplication|WebApplication|VideoGame|FAQPage|HowTo",0.0174,6,"https://skilldrills.online/opengraph-image"
/es/drills/reaction-speed/reaction-game,es,39,141,1,9,1298,true,true,true,10,0,0,"BreadcrumbList|SoftwareApplication|WebApplication|VideoGame|FAQPage|HowTo",0.0186,3,"https://skilldrills.online/opengraph-image"
/es/drills/reaction-speed/reaction-time-test,es,37,145,1,9,1587,true,true,true,10,0,0,"BreadcrumbList|SoftwareApplication|VideoGame|WebApplication|HowTo|FAQPage",0.0267,3,"https://skilldrills.online/opengraph-image"
/es/drills/reaction-speed/reflex-training-drill,es,51,142,1,9,1271,true,true,true,10,0,0,"BreadcrumbList|SoftwareApplication|WebApplication|VideoGame|FAQPage|HowTo",0.0192,3,"https://skilldrills.online/opengraph-image"
/es/drills/reaction-speed/saccadic-gallery,es,59,132,1,10,1516,true,true,true,10,0,0,"BreadcrumbList|SoftwareApplication|WebApplication|VideoGame|HowTo|FAQPage",0.0128,3,"https://skilldrills.online/opengraph-image"
/es/drills/reaction-speed/visual-tracking-speed-test,es,40,140,1,9,1292,true,true,true,10,0,0,"BreadcrumbList|SoftwareApplication|WebApplication|VideoGame|FAQPage|HowTo",0.0171,8,"https://skilldrills.online/opengraph-image"
/es/drills/visual,es,55,145,1,6,1140,true,true,true,10,0,0,"BreadcrumbList|CollectionPage|FAQPage",0.0009,18,"https://skilldrills.online/icons/icon-512x512.png"
/es/drills/visual-tracking,es,49,142,1,6,1542,true,true,true,10,0,0,"BreadcrumbList|CollectionPage|FAQPage",0.0027,24,"https://skilldrills.online/icons/icon-512x512.png"
/es/drills/visual-tracking/constant-slow-pursuit,es,44,135,1,8,1214,true,true,true,10,0,0,"BreadcrumbList|SoftwareApplication|WebApplication|VideoGame|FAQPage|HowTo",0.0184,12,"https://skilldrills.online/opengraph-image"
/es/drills/visual-tracking/directional-chaos-pursuit,es,41,130,1,9,1925,true,true,true,10,0,0,"BreadcrumbList|SoftwareApplication|WebApplication|VideoGame|HowTo|FAQPage",0.0151,4,"https://skilldrills.online/opengraph-image"
/es/drills/visual-tracking/dynamic-evasion-pursuit,es,58,122,1,9,1767,true,true,true,10,0,0,"BreadcrumbList|SoftwareApplication|WebApplication|VideoGame|HowTo|FAQPage",0.0165,4,"https://skilldrills.online/opengraph-image"
/es/drills/visual-tracking/ghosting-suppress-pursuit,es,44,122,1,9,1771,true,true,true,10,0,0,"BreadcrumbList|SoftwareApplication|WebApplication|VideoGame|HowTo|FAQPage",0.0109,3,"https://skilldrills.online/opengraph-image"
/es/drills/visual-tracking/infinity-pursuit,es,45,135,1,9,1450,true,true,true,10,0,0,"BreadcrumbList|SoftwareApplication|WebApplication|VideoGame|HowTo|FAQPage",0.0153,3,"https://skilldrills.online/opengraph-image"
/es/drills/visual-tracking/momentum-teleport-pursuit,es,52,132,1,9,1644,true,true,true,10,0,0,"BreadcrumbList|SoftwareApplication|WebApplication|VideoGame|HowTo|FAQPage",0.0173,4,"https://skilldrills.online/opengraph-image"
/es/drills/visual-tracking/peripheral-ping-pursuit,es,48,151,1,9,1645,true,true,true,10,0,0,"BreadcrumbList|SoftwareApplication|WebApplication|VideoGame|HowTo|FAQPage",0.0162,3,"https://skilldrills.online/opengraph-image"
/es/drills/visual-tracking/predictive-pursuit,es,43,146,1,9,1611,true,true,true,10,0,0,"BreadcrumbList|SoftwareApplication|WebApplication|VideoGame|HowTo|FAQPage",0.0156,2,"https://skilldrills.online/opengraph-image"
/es/drills/visual-tracking/sine-wave-pursuit,es,43,131,1,9,1600,true,true,true,10,0,0,"BreadcrumbList|SoftwareApplication|WebApplication|VideoGame|HowTo|FAQPage",0.0235,6,"https://skilldrills.online/opengraph-image"
/es/drills/visual-tracking/spatial-shift-pursuit,es,52,131,1,9,1533,true,true,true,10,0,0,"BreadcrumbList|SoftwareApplication|WebApplication|VideoGame|HowTo|FAQPage",0.0281,3,"https://skilldrills.online/opengraph-image"
/es/drills/visual-tracking/split-screen-tracking,es,53,128,1,9,1554,true,true,true,10,0,0,"BreadcrumbList|SoftwareApplication|WebApplication|VideoGame|HowTo|FAQPage",0.0213,5,"https://skilldrills.online/opengraph-image"
/es/drills/visual-tracking/staircase-step,es,41,134,1,9,1557,true,true,true,10,0,0,"BreadcrumbList|SoftwareApplication|WebApplication|VideoGame|HowTo|FAQPage",0.0246,7,"https://skilldrills.online/opengraph-image"
/es/drills/visual-tracking/strobe-prediction-pursuit,es,49,133,1,7,1633,true,true,true,10,0,0,"BreadcrumbList|SoftwareApplication|WebApplication|VideoGame|HowTo|FAQPage",0.0136,5,"https://skilldrills.online/opengraph-image"
/es/drills/visual-tracking/triangular-pursuit,es,43,131,1,6,1503,true,true,true,10,0,0,"BreadcrumbList|SoftwareApplication|WebApplication|VideoGame|HowTo|FAQPage",0.0212,5,"https://skilldrills.online/opengraph-image"
/es/drills/visual-tracking/zig-zag-path-pursuit,es,42,111,1,6,1491,true,true,true,10,0,0,"BreadcrumbList|SoftwareApplication|WebApplication|VideoGame|HowTo|FAQPage",0.0199,2,"https://skilldrills.online/opengraph-image"
/es/drills/visual/depth-perception/distance-judgment,es,54,141,1,9,1540,true,true,true,10,0,0,"BreadcrumbList|SoftwareApplication|WebApplication|VideoGame|HowTo|FAQPage",0.0183,7,"https://skilldrills.online/opengraph-image"
/es/drills/visual/reaction-speed/go/no-go,es,49,145,1,10,1892,true,true,true,10,0,0,"BreadcrumbList|SoftwareApplication|WebApplication|HowTo|FAQPage|VideoGame",0.0352,8,"https://skilldrills.online/opengraph-image"
/es/drills/visual/reaction-speed/light-reaction,es,51,156,1,10,2026,true,true,true,10,0,0,"BreadcrumbList|SoftwareApplication|WebApplication|HowTo|FAQPage|VideoGame",0.032,9,"https://skilldrills.online/opengraph-image"
/es/drills/visual/tracking-accuracy/moving-target,es,49,146,1,10,1951,true,true,true,10,0,0,"BreadcrumbList|SoftwareApplication|WebApplication|HowTo|FAQPage|VideoGame",0.0348,15,"https://skilldrills.online/opengraph-image"
/es/drills/visual/tracking-accuracy/multiple-targets,es,52,151,1,9,1980,true,true,true,10,0,0,"BreadcrumbList|SoftwareApplication|WebApplication|VideoGame|HowTo|FAQPage",0.0167,13,"https://skilldrills.online/opengraph-image"
/es/drills/visual/tracking-accuracy/pursuit-tracker,es,53,147,1,9,1962,true,true,true,10,0,0,"BreadcrumbList|SoftwareApplication|WebApplication|VideoGame|HowTo|FAQPage",0.0212,12,"https://skilldrills.online/opengraph-image"
/es/drills/visual/visual-recognition/entropic-grid,es,58,159,1,9,1944,true,true,true,10,0,0,"BreadcrumbList|SoftwareApplication|WebApplication|VideoGame|HowTo|FAQPage",0.0197,5,"https://skilldrills.online/opengraph-image"
/es/drills/visual/visual-recognition/rhythm-anomaly,es,52,138,1,6,1804,true,true,true,10,0,0,"BreadcrumbList|SoftwareApplication|WebApplication|FAQPage|HowTo|VideoGame",0.0371,4,"https://skilldrills.online/opengraph-image"
/es/drills/visual/visual-recognition/visual-search,es,50,144,1,6,1957,true,true,true,10,0,0,"BreadcrumbList|SoftwareApplication|WebApplication|FAQPage|HowTo|VideoGame",0.0297,7,"https://skilldrills.online/opengraph-image"
/fr,fr,52,144,1,7,738,true,true,true,0,0,0,"WebPage",0.0014,9,"https://skilldrills.online/icons/icon-512x512.png"
/fr/drills,fr,52,142,1,11,865,true,true,true,8,0,0,"BreadcrumbList|CollectionPage|FAQPage",0.0164,90,"https://skilldrills.online/icons/icon-512x512.png"
/fr/drills/cognitive,fr,52,117,1,6,1250,true,true,true,8,0,0,"BreadcrumbList|CollectionPage|FAQPage",0.0008,17,"https://skilldrills.online/icons/icon-512x512.png"
/fr/drills/cognitive/attention/concentration-stamina,fr,56,136,1,9,1179,true,true,true,10,0,0,"BreadcrumbList|SoftwareApplication|WebApplication|VideoGame|FAQPage|HowTo",0.0305,15,"https://skilldrills.online/opengraph-image"
/fr/drills/cognitive/attention/divided-attention,fr,53,118,1,9,1206,true,true,true,10,0,0,"BreadcrumbList|SoftwareApplication|WebApplication|VideoGame|FAQPage|HowTo",0.0382,8,"https://skilldrills.online/opengraph-image"
/fr/drills/cognitive/attention/multi-tasking,fr,47,126,1,9,1249,true,true,true,10,0,0,"BreadcrumbList|SoftwareApplication|WebApplication|VideoGame|FAQPage|HowTo",0.0345,6,"https://skilldrills.online/opengraph-image"
/fr/drills/cognitive/focus/concentration-grid,fr,56,139,1,10,2062,true,true,true,10,0,0,"BreadcrumbList|WebApplication|SoftwareApplication|VideoGame|HowTo|FAQPage",0.0265,10,"https://skilldrills.online/opengraph-image"
/fr/drills/cognitive/focus/distraction-fighter,fr,50,122,1,10,2021,true,true,true,10,0,0,"BreadcrumbList|SoftwareApplication|WebApplication|VideoGame|HowTo|FAQPage",0.0341,6,"https://skilldrills.online/opengraph-image"
/fr/drills/cognitive/processing-speed/reaction-time,fr,48,141,1,10,1487,true,true,true,10,0,0,"BreadcrumbList|SoftwareApplication|WebApplication|VideoGame|FAQPage|HowTo",0.0206,8,"https://skilldrills.online/opengraph-image"
/fr/drills/cognitive/processing-speed/rsvp-reader,fr,43,139,1,10,1560,true,true,true,10,0,0,"BreadcrumbList|SoftwareApplication|WebApplication|VideoGame|FAQPage|HowTo",0.0147,3,"https://skilldrills.online/opengraph-image"
/fr/drills/cognitive/processing-speed/symbol-matching,fr,52,157,1,10,1391,true,true,true,10,0,0,"BreadcrumbList|SoftwareApplication|WebApplication|VideoGame|FAQPage|HowTo",0.0153,3,"https://skilldrills.online/opengraph-image"
/fr/drills/fps,fr,47,117,1,6,1705,true,true,true,8,0,0,"BreadcrumbList|CollectionPage|FAQPage",0.0006,24,"https://skilldrills.online/icons/icon-512x512.png"
/fr/drills/fps/180-degree-awareness,fr,53,131,1,10,1851,true,true,true,10,0,0,"BreadcrumbList|SoftwareApplication|WebApplication|VideoGame|FAQPage|HowTo",0.0196,18,"https://skilldrills.online/opengraph-image"
/fr/drills/fps/angle-hold-trainer,fr,47,131,1,10,2019,true,true,true,10,0,0,"BreadcrumbList|WebApplication|SoftwareApplication|VideoGame|FAQPage|HowTo",0.041,15,"https://skilldrills.online/opengraph-image"
/fr/drills/fps/anti-strafe-jitter-duel,fr,53,128,1,10,1765,true,true,true,10,0,0,"BreadcrumbList|SoftwareApplication|WebApplication|VideoGame|FAQPage|HowTo",0.028,7,"https://skilldrills.online/opengraph-image"
/fr/drills/fps/anti-zigzag-movement-trainer,fr,43,122,1,10,2031,true,true,true,10,0,0,"BreadcrumbList|WebApplication|SoftwareApplication|VideoGame|FAQPage|HowTo",0.0322,2,"https://skilldrills.online/opengraph-image"
/fr/drills/fps/flick-shot-training,fr,49,139,1,10,2138,true,true,true,10,0,0,"BreadcrumbList|SoftwareApplication|WebApplication|VideoGame|FAQPage|HowTo",0.0607,4,"https://skilldrills.online/opengraph-image"
/fr/drills/fps/flow-state,fr,54,127,1,10,1747,true,true,true,10,0,0,"BreadcrumbList|WebApplication|SoftwareApplication|VideoGame|FAQPage|HowTo",0.0328,5,"https://skilldrills.online/opengraph-image"
/fr/drills/fps/instant-response,fr,54,122,1,10,1777,true,true,true,10,0,0,"BreadcrumbList|SoftwareApplication|WebApplication|VideoGame|FAQPage|HowTo",0.0352,10,"https://skilldrills.online/opengraph-image"
/fr/drills/fps/micro-correction-precision,fr,54,147,1,10,2156,true,true,true,10,0,0,"BreadcrumbList|SoftwareApplication|WebApplication|VideoGame|FAQPage|HowTo",0.0342,10,"https://skilldrills.online/opengraph-image"
/fr/drills/fps/pro-smooth-pursuit,fr,47,127,1,10,1782,true,true,true,10,0,0,"BreadcrumbList|SoftwareApplication|WebApplication|VideoGame|FAQPage|HowTo",0.0259,8,"https://skilldrills.online/opengraph-image"
/fr/drills/fps/recoil-control,fr,56,122,1,10,1889,true,true,true,10,0,0,"BreadcrumbList|SoftwareApplication|WebApplication|VideoGame|FAQPage|HowTo",0.0369,7,"https://skilldrills.online/opengraph-image"
/fr/drills/fps/strafe-tracking,fr,50,131,1,10,2206,true,true,true,10,0,0,"BreadcrumbList|WebApplication|SoftwareApplication|VideoGame|FAQPage|HowTo",0.0162,6,"https://skilldrills.online/opengraph-image"
/fr/drills/fps/target-acquisition,fr,58,151,1,10,1899,true,true,true,10,0,0,"BreadcrumbList|SoftwareApplication|WebApplication|VideoGame|FAQPage|HowTo",0.0148,4,"https://skilldrills.online/opengraph-image"
/fr/drills/fps/target-prioritization,fr,51,147,1,10,2053,true,true,true,10,0,0,"BreadcrumbList|SoftwareApplication|WebApplication|VideoGame|FAQPage|HowTo",0.0269,5,"https://skilldrills.online/opengraph-image"
/fr/drills/fps/target-switching-swarm,fr,56,142,1,10,1968,true,true,true,10,0,0,"BreadcrumbList|SoftwareApplication|WebApplication|VideoGame|FAQPage|HowTo",0.0324,4,"https://skilldrills.online/opengraph-image"
/fr/drills/fps/vertical-air-track,fr,49,137,1,10,1997,true,true,true,10,0,0,"BreadcrumbList|SoftwareApplication|WebApplication|VideoGame|FAQPage|HowTo",0.0295,3,"https://skilldrills.online/opengraph-image"
/fr/drills/memory,fr,46,141,1,6,1028,true,true,true,10,0,0,"BreadcrumbList|CollectionPage|FAQPage",0.001,16,"https://skilldrills.online/icons/icon-512x512.png"
/fr/drills/memory/short-term-memory/color-sequence,fr,55,121,1,10,2006,true,true,true,10,0,0,"BreadcrumbList|SoftwareApplication|WebApplication|VideoGame|FAQPage|HowTo",0.0135,8,"https://skilldrills.online/opengraph-image"
/fr/drills/memory/short-term-memory/digit-span,fr,55,142,1,10,2000,true,true,true,10,0,0,"BreadcrumbList|SoftwareApplication|WebApplication|VideoGame|FAQPage|HowTo",0.033,8,"https://skilldrills.online/opengraph-image"
/fr/drills/memory/short-term-memory/word-recall,fr,54,138,1,10,1910,true,true,true,10,0,0,"BreadcrumbList|SoftwareApplication|WebApplication|VideoGame|FAQPage|HowTo",0.0303,4,"https://skilldrills.online/opengraph-image"
/fr/drills/memory/spatial-memory/grid-memorization,fr,47,124,1,10,2336,true,true,true,10,0,0,"BreadcrumbList|WebApplication|SoftwareApplication|VideoGame|HowTo|FAQPage",0.0298,7,"https://skilldrills.online/opengraph-image"
/fr/drills/memory/spatial-memory/object-location,fr,47,140,1,10,2308,true,true,true,10,0,0,"BreadcrumbList|SoftwareApplication|WebApplication|VideoGame|HowTo|FAQPage",0.0293,5,"https://skilldrills.online/opengraph-image"
/fr/drills/memory/spatial-memory/path-tracing,fr,46,113,1,10,2332,true,true,true,10,0,0,"BreadcrumbList|SoftwareApplication|WebApplication|VideoGame|FAQPage|HowTo",0.029,5,"https://skilldrills.online/opengraph-image"
/fr/drills/memory/working-memory/n-back,fr,55,132,1,10,1839,true,true,true,10,0,0,"BreadcrumbList|WebApplication|SoftwareApplication|VideoGame|HowTo|FAQPage",0.0313,3,"https://skilldrills.online/opengraph-image"
/fr/drills/motor,fr,52,125,1,6,1165,true,true,true,8,0,0,"BreadcrumbList|CollectionPage|FAQPage",0.0027,17,"https://skilldrills.online/icons/icon-512x512.png"
/fr/drills/motor/hand-eye-coordination/aim-trainer,fr,53,132,1,6,2020,true,true,true,10,0,0,"BreadcrumbList|SoftwareApplication|WebApplication|VideoGame|FAQPage|HowTo",0.0322,32,"https://skilldrills.online/opengraph-image"
/fr/drills/motor/hand-eye-coordination/drag-and-drop,fr,53,139,1,9,1650,true,true,true,10,0,0,"BreadcrumbList|SoftwareApplication|WebApplication|VideoGame|FAQPage|HowTo",0.0428,8,"https://skilldrills.online/opengraph-image"
/fr/drills/motor/hand-eye-coordination/precision-flick-shot,fr,55,130,1,9,1656,true,true,true,10,0,0,"BreadcrumbList|SoftwareApplication|WebApplication|VideoGame|FAQPage|HowTo",0.0381,9,"https://skilldrills.online/opengraph-image"
/fr/drills/motor/movement-speed/finger-sequencing,fr,54,141,1,9,1312,true,true,true,10,0,0,"BreadcrumbList|SoftwareApplication|WebApplication|VideoGame|FAQPage|HowTo",0.0375,10,"https://skilldrills.online/opengraph-image"
/fr/drills/motor/movement-speed/keyboard-recognition,fr,48,127,1,10,1482,true,true,true,10,0,0,"BreadcrumbList|SoftwareApplication|WebApplication|VideoGame|FAQPage|HowTo",0.022,5,"https://skilldrills.online/opengraph-image"
/fr/drills/motor/movement-speed/rapid-tapping,fr,40,104,1,9,1379,true,true,true,10,0,0,"BreadcrumbList|SoftwareApplication|WebApplication|VideoGame|FAQPage|HowTo",0.02,5,"https://skilldrills.online/opengraph-image"
/fr/drills/motor/precision-control/steady-hand,fr,50,136,1,9,1535,true,true,true,10,0,0,"BreadcrumbList|SoftwareApplication|WebApplication|VideoGame|FAQPage|HowTo",0.0216,5,"https://skilldrills.online/opengraph-image"
/fr/drills/motor/precision-control/tracing,fr,53,148,1,9,1548,true,true,true,10,0,0,"BreadcrumbList|SoftwareApplication|WebApplication|VideoGame|FAQPage|HowTo",0.0465,15,"https://skilldrills.online/opengraph-image"
/fr/drills/physical,fr,40,118,1,6,1326,true,true,true,10,0,0,"BreadcrumbList|CollectionPage|FAQPage",0.0008,20,"https://skilldrills.online/icons/icon-512x512.png"
/fr/drills/physical/balance-training/stability-challenge,fr,59,149,1,9,1860,true,true,true,10,0,0,"BreadcrumbList|SoftwareApplication|WebApplication|VideoGame|FAQPage|HowTo",0.0147,6,"https://skilldrills.online/opengraph-image"
/fr/drills/physical/coordination/complex-pattern,fr,52,146,1,9,1704,true,true,true,10,0,0,"BreadcrumbList|SoftwareApplication|WebApplication|VideoGame|FAQPage|HowTo",0.0178,14,"https://skilldrills.online/opengraph-image"
/fr/drills/physical/coordination/cross-body-movement,fr,43,159,1,10,2171,true,true,true,10,0,0,"BreadcrumbList|SoftwareApplication|WebApplication|VideoGame|FAQPage|HowTo",0.0163,6,"https://skilldrills.online/opengraph-image"
/fr/drills/physical/coordination/dynamic-grid-evasion,fr,41,157,1,10,2132,true,true,true,10,0,0,"BreadcrumbList|SoftwareApplication|WebApplication|VideoGame|FAQPage|HowTo",0.0133,9,"https://skilldrills.online/opengraph-image"
/fr/drills/physical/fitness/agility-ladder,fr,43,150,1,10,2010,true,true,true,10,0,0,"BreadcrumbList|SoftwareApplication|WebApplication|VideoGame|FAQPage|HowTo",0.0151,7,"https://skilldrills.online/opengraph-image"
/fr/drills/physical/fitness/jump-sequence,fr,48,151,1,10,2270,true,true,true,10,0,0,"BreadcrumbList|SoftwareApplication|WebApplication|VideoGame|FAQPage|HowTo",0.0298,3,"https://skilldrills.online/opengraph-image"
/fr/drills/physical/fitness/speed-drill,fr,42,145,1,9,2044,true,true,true,10,0,0,"BreadcrumbList|SoftwareApplication|WebApplication|VideoGame|FAQPage|HowTo",0.0143,4,"https://skilldrills.online/opengraph-image"
/fr/drills/physical/reflex-training/drop-catch,fr,36,126,1,9,2039,true,true,true,10,0,0,"BreadcrumbList|SoftwareApplication|WebApplication|VideoGame|FAQPage|HowTo",0.0196,7,"https://skilldrills.online/opengraph-image"
/fr/drills/physical/reflex-training/peripheral-threat-sweeper,fr,35,151,1,9,1977,true,true,true,10,0,0,"BreadcrumbList|SoftwareApplication|WebApplication|VideoGame|FAQPage|HowTo",0.0156,7,"https://skilldrills.online/opengraph-image"
/fr/drills/physical/reflex-training/quick-dodge,fr,44,123,1,9,1977,true,true,true,10,0,0,"BreadcrumbList|SoftwareApplication|WebApplication|VideoGame|FAQPage|HowTo",0.0164,8,"https://skilldrills.online/opengraph-image"
/fr/drills/physical/reflex-training/reaction-chain,fr,39,135,1,9,2053,true,true,true,10,0,0,"BreadcrumbList|SoftwareApplication|WebApplication|VideoGame|FAQPage|HowTo",0.0147,26,"https://skilldrills.online/opengraph-image"
/fr/drills/reaction-speed,fr,60,133,1,6,952,true,true,true,10,0,0,"BreadcrumbList|CollectionPage|FAQPage",0.0011,17,"https://skilldrills.online/icons/icon-512x512.png"
/fr/drills/reaction-speed/barrier-sequence-pursuit,fr,53,144,1,9,1285,true,true,true,10,0,0,"BreadcrumbList|SoftwareApplication|WebApplication|VideoGame|FAQPage|HowTo",0.0157,5,"https://skilldrills.online/opengraph-image"
/fr/drills/reaction-speed/fps-tracking-trainer,fr,39,146,1,9,1306,true,true,true,10,0,0,"BreadcrumbList|SoftwareApplication|WebApplication|VideoGame|FAQPage|HowTo",0.0155,8,"https://skilldrills.online/opengraph-image"
/fr/drills/reaction-speed/market-doors-pursuit,fr,57,145,1,9,1299,true,true,true,10,0,0,"BreadcrumbList|SoftwareApplication|WebApplication|VideoGame|FAQPage|HowTo",0.0181,6,"https://skilldrills.online/opengraph-image"
/fr/drills/reaction-speed/reaction-game,fr,37,148,1,9,1307,true,true,true,10,0,0,"BreadcrumbList|SoftwareApplication|WebApplication|VideoGame|FAQPage|HowTo",0.0187,4,"https://skilldrills.online/opengraph-image"
/fr/drills/reaction-speed/reaction-time-test,fr,48,150,1,9,1788,true,true,true,10,0,0,"BreadcrumbList|SoftwareApplication|WebApplication|VideoGame|FAQPage|HowTo",0.0241,3,"https://skilldrills.online/opengraph-image"
/fr/drills/reaction-speed/reflex-training-drill,fr,49,149,1,9,1301,true,true,true,10,0,0,"BreadcrumbList|SoftwareApplication|WebApplication|VideoGame|FAQPage|HowTo",0.0189,4,"https://skilldrills.online/opengraph-image"
/fr/drills/reaction-speed/saccadic-gallery,fr,55,142,1,10,1541,true,true,true,10,0,0,"BreadcrumbList|SoftwareApplication|WebApplication|VideoGame|HowTo|FAQPage",0.0126,3,"https://skilldrills.online/opengraph-image"
/fr/drills/reaction-speed/visual-tracking-speed-test,fr,34,143,1,9,1258,true,true,true,10,0,0,"BreadcrumbList|SoftwareApplication|WebApplication|VideoGame|FAQPage|HowTo",0.0177,8,"https://skilldrills.online/opengraph-image"
/fr/drills/visual,fr,51,149,1,6,1138,true,true,true,10,0,0,"BreadcrumbList|CollectionPage|FAQPage",0.0009,18,"https://skilldrills.online/icons/icon-512x512.png"
/fr/drills/visual-tracking,fr,42,144,1,6,1536,true,true,true,10,0,0,"BreadcrumbList|CollectionPage|FAQPage",0.0027,24,"https://skilldrills.online/icons/icon-512x512.png"
/fr/drills/visual-tracking/constant-slow-pursuit,fr,44,142,1,8,1182,true,true,true,10,0,0,"BreadcrumbList|SoftwareApplication|WebApplication|VideoGame|FAQPage|HowTo",0.019,12,"https://skilldrills.online/opengraph-image"
/fr/drills/visual-tracking/directional-chaos-pursuit,fr,41,139,1,9,1834,true,true,true,10,0,0,"BreadcrumbList|SoftwareApplication|WebApplication|VideoGame|HowTo|FAQPage",0.0157,4,"https://skilldrills.online/opengraph-image"
/fr/drills/visual-tracking/dynamic-evasion-pursuit,fr,56,132,1,9,1699,true,true,true,10,0,0,"BreadcrumbList|SoftwareApplication|WebApplication|VideoGame|HowTo|FAQPage",0.0172,4,"https://skilldrills.online/opengraph-image"
/fr/drills/visual-tracking/ghosting-suppress-pursuit,fr,37,126,1,9,1749,true,true,true,10,0,0,"BreadcrumbList|SoftwareApplication|WebApplication|VideoGame|HowTo|FAQPage",0.011,3,"https://skilldrills.online/opengraph-image"
/fr/drills/visual-tracking/infinity-pursuit,fr,39,142,1,9,1400,true,true,true,10,0,0,"BreadcrumbList|SoftwareApplication|WebApplication|VideoGame|HowTo|FAQPage",0.0156,3,"https://skilldrills.online/opengraph-image"
/fr/drills/visual-tracking/momentum-teleport-pursuit,fr,43,134,1,9,1590,true,true,true,10,0,0,"BreadcrumbList|SoftwareApplication|WebApplication|VideoGame|HowTo|FAQPage",0.0178,4,"https://skilldrills.online/opengraph-image"
/fr/drills/visual-tracking/peripheral-ping-pursuit,fr,46,153,1,9,1669,true,true,true,10,0,0,"BreadcrumbList|SoftwareApplication|WebApplication|VideoGame|HowTo|FAQPage",0.016,3,"https://skilldrills.online/opengraph-image"
/fr/drills/visual-tracking/predictive-pursuit,fr,43,145,1,9,1595,true,true,true,10,0,0,"BreadcrumbList|SoftwareApplication|WebApplication|VideoGame|HowTo|FAQPage",0.0159,2,"https://skilldrills.online/opengraph-image"
/fr/drills/visual-tracking/sine-wave-pursuit,fr,44,131,1,9,1551,true,true,true,10,0,0,"BreadcrumbList|SoftwareApplication|WebApplication|VideoGame|HowTo|FAQPage",0.0244,6,"https://skilldrills.online/opengraph-image"
/fr/drills/visual-tracking/spatial-shift-pursuit,fr,50,132,1,9,1505,true,true,true,10,0,0,"BreadcrumbList|SoftwareApplication|WebApplication|VideoGame|HowTo|FAQPage",0.0286,3,"https://skilldrills.online/opengraph-image"
/fr/drills/visual-tracking/split-screen-tracking,fr,50,131,1,9,1510,true,true,true,10,0,0,"BreadcrumbList|SoftwareApplication|WebApplication|VideoGame|HowTo|FAQPage",0.0221,5,"https://skilldrills.online/opengraph-image"
/fr/drills/visual-tracking/staircase-step,fr,42,130,1,9,1527,true,true,true,10,0,0,"BreadcrumbList|SoftwareApplication|WebApplication|VideoGame|HowTo|FAQPage",0.0252,7,"https://skilldrills.online/opengraph-image"
/fr/drills/visual-tracking/strobe-prediction-pursuit,fr,48,129,1,7,1640,true,true,true,10,0,0,"BreadcrumbList|SoftwareApplication|WebApplication|VideoGame|HowTo|FAQPage",0.0134,5,"https://skilldrills.online/opengraph-image"
/fr/drills/visual-tracking/triangular-pursuit,fr,45,120,1,6,1474,true,true,true,10,0,0,"BreadcrumbList|SoftwareApplication|WebApplication|VideoGame|HowTo|FAQPage",0.0215,5,"https://skilldrills.online/opengraph-image"
/fr/drills/visual-tracking/zig-zag-path-pursuit,fr,42,105,1,6,1449,true,true,true,10,0,0,"BreadcrumbList|SoftwareApplication|WebApplication|VideoGame|HowTo|FAQPage",0.0203,2,"https://skilldrills.online/opengraph-image"
/fr/drills/visual/depth-perception/distance-judgment,fr,58,148,1,9,1567,true,true,true,10,0,0,"BreadcrumbList|SoftwareApplication|WebApplication|VideoGame|HowTo|FAQPage",0.0182,7,"https://skilldrills.online/opengraph-image"
/fr/drills/visual/reaction-speed/go/no-go,fr,54,125,1,10,1939,true,true,true,10,0,0,"BreadcrumbList|SoftwareApplication|WebApplication|HowTo|FAQPage|VideoGame",0.0345,8,"https://skilldrills.online/opengraph-image"
/fr/drills/visual/reaction-speed/light-reaction,fr,54,156,1,10,1983,true,true,true,10,0,0,"BreadcrumbList|SoftwareApplication|WebApplication|HowTo|FAQPage|VideoGame",0.0332,10,"https://skilldrills.online/opengraph-image"
/fr/drills/visual/tracking-accuracy/moving-target,fr,47,137,1,10,1942,true,true,true,10,0,0,"BreadcrumbList|SoftwareApplication|WebApplication|HowTo|FAQPage|VideoGame",0.0355,15,"https://skilldrills.online/opengraph-image"
/fr/drills/visual/tracking-accuracy/multiple-targets,fr,50,138,1,9,2031,true,true,true,10,0,0,"BreadcrumbList|SoftwareApplication|WebApplication|VideoGame|HowTo|FAQPage",0.0164,13,"https://skilldrills.online/opengraph-image"
/fr/drills/visual/tracking-accuracy/pursuit-tracker,fr,47,143,1,9,1994,true,true,true,10,0,0,"BreadcrumbList|SoftwareApplication|WebApplication|VideoGame|HowTo|FAQPage",0.0208,12,"https://skilldrills.online/opengraph-image"
/fr/drills/visual/visual-recognition/entropic-grid,fr,55,152,1,9,1923,true,true,true,10,0,0,"BreadcrumbList|SoftwareApplication|WebApplication|VideoGame|HowTo|FAQPage",0.0201,5,"https://skilldrills.online/opengraph-image"
/fr/drills/visual/visual-recognition/rhythm-anomaly,fr,55,148,1,6,1842,true,true,true,10,0,0,"BreadcrumbList|SoftwareApplication|WebApplication|FAQPage|HowTo|VideoGame",0.0367,4,"https://skilldrills.online/opengraph-image"
/fr/drills/visual/visual-recognition/visual-search,fr,54,151,1,6,2028,true,true,true,10,0,0,"BreadcrumbList|SoftwareApplication|WebApplication|FAQPage|HowTo|VideoGame",0.029,7,"https://skilldrills.online/opengraph-image"
/ja,ja,25,51,1,7,222,true,true,true,0,0,0,"WebPage",0.0141,9,"https://skilldrills.online/icons/icon-512x512.png"
/ja/drills,ja,29,62,1,11,308,true,true,true,8,0,0,"BreadcrumbList|CollectionPage|FAQPage",0.0556,89,"https://skilldrills.online/icons/icon-512x512.png"
/ja/drills/cognitive,ja,26,52,1,6,221,true,true,true,8,0,0,"BreadcrumbList|CollectionPage|FAQPage",0.0088,17,"https://skilldrills.online/icons/icon-512x512.png"
/ja/drills/cognitive/attention/concentration-stamina,ja,31,56,1,9,493,true,true,true,10,0,0,"BreadcrumbList|SoftwareApplication|WebApplication|VideoGame|FAQPage|HowTo",0.1166,15,"https://skilldrills.online/opengraph-image"
/ja/drills/cognitive/attention/divided-attention,ja,34,55,1,9,531,true,true,true,10,0,0,"BreadcrumbList|SoftwareApplication|WebApplication|VideoGame|FAQPage|HowTo",0.1307,8,"https://skilldrills.online/opengraph-image"
/ja/drills/cognitive/attention/multi-tasking,ja,35,53,1,9,519,true,true,true,10,0,0,"BreadcrumbList|SoftwareApplication|WebApplication|VideoGame|FAQPage|HowTo",0.1294,6,"https://skilldrills.online/opengraph-image"
/ja/drills/cognitive/focus/concentration-grid,ja,34,55,1,10,686,true,true,true,10,0,0,"BreadcrumbList|WebApplication|SoftwareApplication|VideoGame|HowTo|FAQPage",0.1154,10,"https://skilldrills.online/opengraph-image"
/ja/drills/cognitive/focus/distraction-fighter,ja,36,57,1,7,455,true,true,true,10,0,0,"BreadcrumbList|SoftwareApplication|WebApplication|VideoGame|HowTo|FAQPage",0.0865,6,"https://skilldrills.online/opengraph-image"
/ja/drills/cognitive/processing-speed/reaction-time,ja,36,63,1,10,467,true,true,true,10,0,0,"BreadcrumbList|SoftwareApplication|WebApplication|VideoGame|FAQPage|HowTo",0.1138,7,"https://skilldrills.online/opengraph-image"
/ja/drills/cognitive/processing-speed/rsvp-reader,ja,34,57,1,10,408,true,true,true,10,0,0,"BreadcrumbList|SoftwareApplication|WebApplication|VideoGame|FAQPage|HowTo",0.0913,3,"https://skilldrills.online/opengraph-image"
/ja/drills/cognitive/processing-speed/symbol-matching,ja,42,63,1,10,386,true,true,true,10,0,0,"BreadcrumbList|SoftwareApplication|WebApplication|VideoGame|FAQPage|HowTo",0.1111,3,"https://skilldrills.online/opengraph-image"
/ja/drills/fps,ja,33,66,1,6,306,true,true,true,8,0,0,"BreadcrumbList|CollectionPage|FAQPage",0.0066,24,"https://skilldrills.online/icons/icon-512x512.png"
/ja/drills/fps/180-degree-awareness,ja,36,54,1,10,603,true,true,true,10,0,0,"BreadcrumbList|SoftwareApplication|WebApplication|VideoGame|FAQPage|HowTo",0.0967,18,"https://skilldrills.online/opengraph-image"
/ja/drills/fps/angle-hold-trainer,ja,33,47,1,10,601,true,true,true,10,0,0,"BreadcrumbList|WebApplication|SoftwareApplication|VideoGame|FAQPage|HowTo",0.1343,15,"https://skilldrills.online/opengraph-image"
/ja/drills/fps/anti-strafe-jitter-duel,ja,34,54,1,10,618,true,true,true,10,0,0,"BreadcrumbList|SoftwareApplication|WebApplication|VideoGame|FAQPage|HowTo",0.1124,7,"https://skilldrills.online/opengraph-image"
/ja/drills/fps/anti-zigzag-movement-trainer,ja,35,51,1,10,645,true,true,true,10,0,0,"BreadcrumbList|WebApplication|SoftwareApplication|VideoGame|FAQPage|HowTo",0.125,2,"https://skilldrills.online/opengraph-image"
/ja/drills/fps/flick-shot-training,ja,34,66,1,10,929,true,true,true,10,0,0,"BreadcrumbList|SoftwareApplication|WebApplication|VideoGame|FAQPage|HowTo",0.162,4,"https://skilldrills.online/opengraph-image"
/ja/drills/fps/flow-state,ja,36,55,1,10,620,true,true,true,10,0,0,"BreadcrumbList|WebApplication|SoftwareApplication|VideoGame|FAQPage|HowTo",0.1236,5,"https://skilldrills.online/opengraph-image"
/ja/drills/fps/instant-response,ja,35,56,1,10,676,true,true,true,10,0,0,"BreadcrumbList|SoftwareApplication|WebApplication|VideoGame|FAQPage|HowTo",0.1155,9,"https://skilldrills.online/opengraph-image"
/ja/drills/fps/micro-correction-precision,ja,33,63,1,10,725,true,true,true,10,0,0,"BreadcrumbList|SoftwareApplication|WebApplication|VideoGame|FAQPage|HowTo",0.1315,10,"https://skilldrills.online/opengraph-image"
/ja/drills/fps/pro-smooth-pursuit,ja,36,60,1,10,521,true,true,true,10,0,0,"BreadcrumbList|WebApplication|SoftwareApplication|VideoGame|FAQPage|HowTo",0.1163,8,"https://skilldrills.online/opengraph-image"
/ja/drills/fps/recoil-control,ja,35,58,1,10,533,true,true,true,10,0,0,"BreadcrumbList|WebApplication|SoftwareApplication|VideoGame|FAQPage|HowTo",0.0829,7,"https://skilldrills.online/opengraph-image"
/ja/drills/fps/strafe-tracking,ja,33,53,1,10,509,true,true,true,10,0,0,"BreadcrumbList|WebApplication|SoftwareApplication|VideoGame|FAQPage|HowTo",0.0903,6,"https://skilldrills.online/opengraph-image"
/ja/drills/fps/target-acquisition,ja,43,58,1,9,483,true,true,true,10,0,0,"BreadcrumbList|SoftwareApplication|WebApplication|VideoGame|FAQPage|HowTo",0.0938,4,"https://skilldrills.online/opengraph-image"
/ja/drills/fps/target-prioritization,ja,34,47,1,10,664,true,true,true,10,0,0,"BreadcrumbList|SoftwareApplication|WebApplication|VideoGame|FAQPage|HowTo",0.1092,5,"https://skilldrills.online/opengraph-image"
/ja/drills/fps/target-switching-swarm,ja,40,67,1,10,707,true,true,true,10,0,0,"BreadcrumbList|SoftwareApplication|WebApplication|VideoGame|FAQPage|HowTo",0.1191,4,"https://skilldrills.online/opengraph-image"
/ja/drills/fps/vertical-air-track,ja,36,54,1,10,681,true,true,true,10,0,0,"BreadcrumbList|SoftwareApplication|WebApplication|VideoGame|FAQPage|HowTo",0.1281,3,"https://skilldrills.online/opengraph-image"
/ja/drills/memory,ja,30,58,1,6,229,true,true,true,10,0,0,"BreadcrumbList|CollectionPage|FAQPage",0.0125,16,"https://skilldrills.online/icons/icon-512x512.png"
/ja/drills/memory/short-term-memory/color-sequence,ja,27,49,1,10,530,true,true,true,10,0,0,"BreadcrumbList|SoftwareApplication|WebApplication|VideoGame|FAQPage|HowTo",0.1153,8,"https://skilldrills.online/opengraph-image"
/ja/drills/memory/short-term-memory/digit-span,ja,33,55,1,9,662,true,true,true,10,0,0,"BreadcrumbList|WebApplication|SoftwareApplication|VideoGame|HowTo|FAQPage",0.1389,8,"https://skilldrills.online/opengraph-image"
/ja/drills/memory/short-term-memory/word-recall,ja,32,54,1,10,597,true,true,true,10,0,0,"BreadcrumbList|SoftwareApplication|WebApplication|VideoGame|FAQPage|HowTo",0.1429,4,"https://skilldrills.online/opengraph-image"
/ja/drills/memory/spatial-memory/grid-memorization,ja,29,57,1,9,707,true,true,true,10,0,0,"BreadcrumbList|WebApplication|SoftwareApplication|VideoGame|HowTo|FAQPage",0.1314,7,"https://skilldrills.online/opengraph-image"
/ja/drills/memory/spatial-memory/object-location,ja,28,59,1,9,671,true,true,true,10,0,0,"BreadcrumbList|SoftwareApplication|WebApplication|VideoGame|FAQPage|HowTo",0.136,5,"https://skilldrills.online/opengraph-image"
/ja/drills/memory/spatial-memory/path-tracing,ja,29,51,1,9,731,true,true,true,10,0,0,"BreadcrumbList|SoftwareApplication|WebApplication|VideoGame|FAQPage|HowTo",0.1235,5,"https://skilldrills.online/opengraph-image"
/ja/drills/memory/working-memory/n-back,ja,31,55,1,10,618,true,true,true,10,0,0,"BreadcrumbList|WebApplication|SoftwareApplication|VideoGame|HowTo|FAQPage",0.1127,3,"https://skilldrills.online/opengraph-image"
/ja/drills/motor,ja,28,43,1,6,243,true,true,true,8,0,0,"BreadcrumbList|CollectionPage|FAQPage",0.0075,17,"https://skilldrills.online/icons/icon-512x512.png"
/ja/drills/motor/hand-eye-coordination/aim-trainer,ja,34,47,1,6,507,true,true,true,10,0,0,"BreadcrumbList|SoftwareApplication|WebApplication|VideoGame|FAQPage|HowTo",0.0888,32,"https://skilldrills.online/opengraph-image"
/ja/drills/motor/hand-eye-coordination/drag-and-drop,ja,34,54,1,9,690,true,true,true,10,0,0,"BreadcrumbList|SoftwareApplication|WebApplication|VideoGame|FAQPage|HowTo",0.1268,8,"https://skilldrills.online/opengraph-image"
/ja/drills/motor/hand-eye-coordination/precision-flick-shot,ja,32,54,1,9,712,true,true,true,10,0,0,"BreadcrumbList|SoftwareApplication|WebApplication|VideoGame|FAQPage|HowTo",0.1111,9,"https://skilldrills.online/opengraph-image"
/ja/drills/motor/movement-speed/finger-sequencing,ja,33,50,1,9,515,true,true,true,10,0,0,"BreadcrumbList|SoftwareApplication|WebApplication|VideoGame|FAQPage|HowTo",0.1398,10,"https://skilldrills.online/opengraph-image"
/ja/drills/motor/movement-speed/keyboard-recognition,ja,35,45,1,10,588,true,true,true,10,0,0,"BreadcrumbList|SoftwareApplication|WebApplication|VideoGame|FAQPage|HowTo",0.0792,4,"https://skilldrills.online/opengraph-image"
/ja/drills/motor/movement-speed/rapid-tapping,ja,34,46,1,9,456,true,true,true,10,0,0,"BreadcrumbList|SoftwareApplication|WebApplication|VideoGame|FAQPage|HowTo",0.0864,5,"https://skilldrills.online/opengraph-image"
/ja/drills/motor/precision-control/steady-hand,ja,30,35,1,9,432,true,true,true,10,0,0,"BreadcrumbList|SoftwareApplication|WebApplication|VideoGame|FAQPage|HowTo",0.1151,5,"https://skilldrills.online/opengraph-image"
/ja/drills/motor/precision-control/tracing,ja,36,40,1,9,652,true,true,true,10,0,0,"BreadcrumbList|SoftwareApplication|WebApplication|VideoGame|FAQPage|HowTo",0.1478,15,"https://skilldrills.online/opengraph-image"
/ja/drills/physical,ja,41,46,1,6,243,true,true,true,10,0,0,"BreadcrumbList|CollectionPage|FAQPage",0.0198,20,"https://skilldrills.online/icons/icon-512x512.png"
/ja/drills/physical/balance-training/stability-challenge,ja,30,53,1,10,809,true,true,true,10,0,0,"BreadcrumbList|SoftwareApplication|WebApplication|VideoGame|FAQPage|HowTo",0.1216,6,"https://skilldrills.online/opengraph-image"
/ja/drills/physical/coordination/complex-pattern,ja,29,56,1,10,551,true,true,true,10,0,0,"BreadcrumbList|SoftwareApplication|WebApplication|VideoGame|FAQPage|HowTo",0.0941,14,"https://skilldrills.online/opengraph-image"
/ja/drills/physical/coordination/cross-body-movement,ja,31,61,1,10,620,true,true,true,10,0,0,"BreadcrumbList|SoftwareApplication|WebApplication|VideoGame|FAQPage|HowTo",0.0947,6,"https://skilldrills.online/opengraph-image"
/ja/drills/physical/coordination/dynamic-grid-evasion,ja,31,65,1,10,559,true,true,true,10,0,0,"BreadcrumbList|SoftwareApplication|WebApplication|VideoGame|FAQPage|HowTo",0.086,9,"https://skilldrills.online/opengraph-image"
/ja/drills/physical/fitness/agility-ladder,ja,31,62,1,10,567,true,true,true,10,0,0,"BreadcrumbList|SoftwareApplication|WebApplication|VideoGame|FAQPage|HowTo",0.0974,7,"https://skilldrills.online/opengraph-image"
/ja/drills/physical/fitness/jump-sequence,ja,38,55,1,10,825,true,true,true,10,0,0,"BreadcrumbList|SoftwareApplication|WebApplication|VideoGame|FAQPage|HowTo",0.1017,3,"https://skilldrills.online/opengraph-image"
/ja/drills/physical/fitness/speed-drill,ja,33,57,1,9,480,true,true,true,10,0,0,"BreadcrumbList|SoftwareApplication|WebApplication|VideoGame|FAQPage|HowTo",0.0952,4,"https://skilldrills.online/opengraph-image"
/ja/drills/physical/reflex-training/drop-catch,ja,30,53,1,9,540,true,true,true,10,0,0,"BreadcrumbList|SoftwareApplication|WebApplication|VideoGame|FAQPage|HowTo",0.1034,7,"https://skilldrills.online/opengraph-image"
/ja/drills/physical/reflex-training/peripheral-threat-sweeper,ja,21,57,1,9,488,true,true,true,10,0,0,"BreadcrumbList|SoftwareApplication|WebApplication|VideoGame|FAQPage|HowTo",0.0959,7,"https://skilldrills.online/opengraph-image"
/ja/drills/physical/reflex-training/quick-dodge,ja,19,48,1,9,444,true,true,true,10,0,0,"BreadcrumbList|SoftwareApplication|WebApplication|VideoGame|FAQPage|HowTo",0.1008,8,"https://skilldrills.online/opengraph-image"
/ja/drills/physical/reflex-training/reaction-chain,ja,20,57,1,9,475,true,true,true,10,0,0,"BreadcrumbList|SoftwareApplication|WebApplication|VideoGame|FAQPage|HowTo",0.0924,26,"https://skilldrills.online/opengraph-image"
/ja/drills/reaction-speed,ja,32,56,1,6,214,true,true,true,10,0,0,"BreadcrumbList|CollectionPage|FAQPage",0.0143,16,"https://skilldrills.online/icons/icon-512x512.png"
/ja/drills/reaction-speed/barrier-sequence-pursuit,ja,21,49,1,9,332,true,true,true,10,0,0,"BreadcrumbList|SoftwareApplication|WebApplication|VideoGame|FAQPage|HowTo",0.118,5,"https://skilldrills.online/opengraph-image"
/ja/drills/reaction-speed/fps-tracking-trainer,ja,21,55,1,9,341,true,true,true,10,0,0,"BreadcrumbList|SoftwareApplication|WebApplication|VideoGame|FAQPage|HowTo",0.1218,8,"https://skilldrills.online/opengraph-image"
/ja/drills/reaction-speed/market-doors-pursuit,ja,21,62,1,9,344,true,true,true,10,0,0,"BreadcrumbList|SoftwareApplication|WebApplication|VideoGame|FAQPage|HowTo",0.1325,6,"https://skilldrills.online/opengraph-image"
/ja/drills/reaction-speed/reaction-game,ja,24,64,1,9,340,true,true,true,10,0,0,"BreadcrumbList|SoftwareApplication|WebApplication|VideoGame|FAQPage|HowTo",0.1386,3,"https://skilldrills.online/opengraph-image"
/ja/drills/reaction-speed/reaction-time-test,ja,31,64,1,9,511,true,true,true,10,0,0,"BreadcrumbList|SoftwareApplication|VideoGame|WebApplication|HowTo|FAQPage",0.1054,3,"https://skilldrills.online/opengraph-image"
/ja/drills/reaction-speed/reflex-training-drill,ja,31,62,1,9,349,true,true,true,10,0,0,"BreadcrumbList|SoftwareApplication|WebApplication|VideoGame|FAQPage|HowTo",0.1377,3,"https://skilldrills.online/opengraph-image"
/ja/drills/reaction-speed/saccadic-gallery,ja,32,55,1,10,390,true,true,true,10,0,0,"BreadcrumbList|SoftwareApplication|WebApplication|VideoGame|HowTo|FAQPage",0.0963,3,"https://skilldrills.online/opengraph-image"
/ja/drills/reaction-speed/visual-tracking-speed-test,ja,21,48,1,9,327,true,true,true,10,0,0,"BreadcrumbList|SoftwareApplication|WebApplication|VideoGame|FAQPage|HowTo",0.1382,8,"https://skilldrills.online/opengraph-image"
/ja/drills/visual,ja,34,47,1,6,230,true,true,true,10,0,0,"BreadcrumbList|CollectionPage|FAQPage",0.0099,18,"https://skilldrills.online/icons/icon-512x512.png"
/ja/drills/visual-tracking,ja,29,57,1,6,296,true,true,true,10,0,0,"BreadcrumbList|CollectionPage|FAQPage",0.0255,24,"https://skilldrills.online/icons/icon-512x512.png"
/ja/drills/visual-tracking/constant-slow-pursuit,ja,24,55,1,8,366,true,true,true,10,0,0,"BreadcrumbList|SoftwareApplication|WebApplication|VideoGame|FAQPage|HowTo",0.1313,12,"https://skilldrills.online/opengraph-image"
/ja/drills/visual-tracking/directional-chaos-pursuit,ja,32,54,1,9,548,true,true,true,10,0,0,"BreadcrumbList|SoftwareApplication|WebApplication|VideoGame|HowTo|FAQPage",0.0732,4,"https://skilldrills.online/opengraph-image"
/ja/drills/visual-tracking/dynamic-evasion-pursuit,ja,29,52,1,9,537,true,true,true,10,0,0,"BreadcrumbList|SoftwareApplication|WebApplication|VideoGame|HowTo|FAQPage",0.075,4,"https://skilldrills.online/opengraph-image"
/ja/drills/visual-tracking/ghosting-suppress-pursuit,ja,30,46,1,9,563,true,true,true,10,0,0,"BreadcrumbList|SoftwareApplication|WebApplication|VideoGame|HowTo|FAQPage",0.0557,3,"https://skilldrills.online/opengraph-image"
/ja/drills/visual-tracking/infinity-pursuit,ja,27,56,1,9,475,true,true,true,10,0,0,"BreadcrumbList|SoftwareApplication|WebApplication|VideoGame|HowTo|FAQPage",0.0881,3,"https://skilldrills.online/opengraph-image"
/ja/drills/visual-tracking/momentum-teleport-pursuit,ja,26,55,1,9,536,true,true,true,10,0,0,"BreadcrumbList|SoftwareApplication|WebApplication|VideoGame|HowTo|FAQPage",0.0785,4,"https://skilldrills.online/opengraph-image"
/ja/drills/visual-tracking/peripheral-ping-pursuit,ja,34,55,1,9,556,true,true,true,10,0,0,"BreadcrumbList|SoftwareApplication|WebApplication|VideoGame|HowTo|FAQPage",0.0729,3,"https://skilldrills.online/opengraph-image"
/ja/drills/visual-tracking/predictive-pursuit,ja,34,48,1,9,505,true,true,true,10,0,0,"BreadcrumbList|SoftwareApplication|WebApplication|VideoGame|HowTo|FAQPage",0.0793,2,"https://skilldrills.online/opengraph-image"
/ja/drills/visual-tracking/sine-wave-pursuit,ja,29,48,1,9,508,true,true,true,10,0,0,"BreadcrumbList|SoftwareApplication|WebApplication|VideoGame|HowTo|FAQPage",0.0826,6,"https://skilldrills.online/opengraph-image"
/ja/drills/visual-tracking/spatial-shift-pursuit,ja,34,46,1,9,572,true,true,true,10,0,0,"BreadcrumbList|SoftwareApplication|WebApplication|VideoGame|HowTo|FAQPage",0.0892,3,"https://skilldrills.online/opengraph-image"
/ja/drills/visual-tracking/split-screen-tracking,ja,35,42,1,9,550,true,true,true,10,0,0,"BreadcrumbList|SoftwareApplication|WebApplication|VideoGame|HowTo|FAQPage",0.0696,5,"https://skilldrills.online/opengraph-image"
/ja/drills/visual-tracking/staircase-step,ja,34,43,1,9,580,true,true,true,10,0,0,"BreadcrumbList|SoftwareApplication|WebApplication|VideoGame|HowTo|FAQPage",0.0736,7,"https://skilldrills.online/opengraph-image"
/ja/drills/visual-tracking/strobe-prediction-pursuit,ja,36,39,1,8,550,true,true,true,10,0,0,"BreadcrumbList|SoftwareApplication|WebApplication|VideoGame|HowTo|FAQPage",0.0529,5,"https://skilldrills.online/opengraph-image"
/ja/drills/visual-tracking/triangular-pursuit,ja,27,44,1,8,537,true,true,true,10,0,0,"BreadcrumbList|SoftwareApplication|WebApplication|VideoGame|HowTo|FAQPage",0.081,5,"https://skilldrills.online/opengraph-image"
/ja/drills/visual-tracking/zig-zag-path-pursuit,ja,28,45,1,8,521,true,true,true,10,0,0,"BreadcrumbList|SoftwareApplication|WebApplication|VideoGame|HowTo|FAQPage",0.0863,2,"https://skilldrills.online/opengraph-image"
/ja/drills/visual/depth-perception/distance-judgment,ja,35,71,1,10,462,true,true,true,10,0,0,"BreadcrumbList|SoftwareApplication|WebApplication|VideoGame|HowTo|FAQPage",0.1057,7,"https://skilldrills.online/opengraph-image"
/ja/drills/visual/reaction-speed/go/no-go,ja,37,70,1,10,749,true,true,true,10,0,0,"BreadcrumbList|SoftwareApplication|WebApplication|HowTo|FAQPage|VideoGame",0.1033,8,"https://skilldrills.online/opengraph-image"
/ja/drills/visual/reaction-speed/light-reaction,ja,38,59,1,10,751,true,true,true,10,0,0,"BreadcrumbList|SoftwareApplication|WebApplication|HowTo|FAQPage|VideoGame",0.1031,9,"https://skilldrills.online/opengraph-image"
/ja/drills/visual/tracking-accuracy/moving-target,ja,34,59,1,10,697,true,true,true,10,0,0,"BreadcrumbList|SoftwareApplication|WebApplication|HowTo|FAQPage|VideoGame",0.123,15,"https://skilldrills.online/opengraph-image"
/ja/drills/visual/tracking-accuracy/multiple-targets,ja,36,54,1,10,752,true,true,true,10,0,0,"BreadcrumbList|SoftwareApplication|WebApplication|VideoGame|HowTo|FAQPage",0.107,13,"https://skilldrills.online/opengraph-image"
/ja/drills/visual/tracking-accuracy/pursuit-tracker,ja,36,55,1,10,758,true,true,true,10,0,0,"BreadcrumbList|SoftwareApplication|WebApplication|VideoGame|HowTo|FAQPage",0.1135,12,"https://skilldrills.online/opengraph-image"
/ja/drills/visual/visual-recognition/entropic-grid,ja,35,65,1,10,768,true,true,true,10,0,0,"BreadcrumbList|SoftwareApplication|WebApplication|VideoGame|HowTo|FAQPage",0.1032,5,"https://skilldrills.online/opengraph-image"
/ja/drills/visual/visual-recognition/rhythm-anomaly,ja,33,72,1,6,698,true,true,true,10,0,0,"BreadcrumbList|SoftwareApplication|WebApplication|FAQPage|HowTo|VideoGame",0.1183,4,"https://skilldrills.online/opengraph-image"
/ja/drills/visual/visual-recognition/visual-search,ja,34,65,1,6,774,true,true,true,10,0,0,"BreadcrumbList|SoftwareApplication|WebApplication|FAQPage|HowTo|VideoGame",0.101,7,"https://skilldrills.online/opengraph-image"
/ko,ko,31,69,1,7,596,true,true,true,0,0,0,"WebPage",0.0156,9,"https://skilldrills.online/icons/icon-512x512.png"
/ko/drills,ko,32,79,1,11,761,true,true,true,8,0,0,"BreadcrumbList|CollectionPage|FAQPage",0.0563,89,"https://skilldrills.online/icons/icon-512x512.png"
/ko/drills/cognitive,ko,32,59,1,6,958,true,true,true,8,0,0,"BreadcrumbList|CollectionPage|FAQPage",0.009,17,"https://skilldrills.online/icons/icon-512x512.png"
/ko/drills/cognitive/attention/concentration-stamina,ko,33,69,1,9,985,true,true,true,10,0,0,"BreadcrumbList|SoftwareApplication|WebApplication|VideoGame|FAQPage|HowTo",0.1183,15,"https://skilldrills.online/opengraph-image"
/ko/drills/cognitive/attention/divided-attention,ko,34,72,1,9,1013,true,true,true,10,0,0,"BreadcrumbList|SoftwareApplication|WebApplication|VideoGame|FAQPage|HowTo",0.1323,8,"https://skilldrills.online/opengraph-image"
/ko/drills/cognitive/attention/multi-tasking,ko,34,61,1,9,985,true,true,true,10,0,0,"BreadcrumbList|SoftwareApplication|WebApplication|VideoGame|FAQPage|HowTo",0.1333,6,"https://skilldrills.online/opengraph-image"
/ko/drills/cognitive/focus/concentration-grid,ko,32,65,1,10,1580,true,true,true,10,0,0,"BreadcrumbList|SoftwareApplication|WebApplication|VideoGame|FAQPage|HowTo",0.0833,10,"https://skilldrills.online/opengraph-image"
/ko/drills/cognitive/focus/distraction-fighter,ko,34,71,1,11,2088,true,true,true,10,0,0,"BreadcrumbList|SoftwareApplication|WebApplication|VideoGame|FAQPage|HowTo",0.1803,6,"https://skilldrills.online/opengraph-image"
/ko/drills/cognitive/processing-speed/reaction-time,ko,36,72,1,10,1093,true,true,true,10,0,0,"BreadcrumbList|SoftwareApplication|WebApplication|VideoGame|FAQPage|HowTo",0.1223,7,"https://skilldrills.online/opengraph-image"
/ko/drills/cognitive/processing-speed/rsvp-reader,ko,33,66,1,10,1087,true,true,true,10,0,0,"BreadcrumbList|SoftwareApplication|WebApplication|VideoGame|FAQPage|HowTo",0.0942,3,"https://skilldrills.online/opengraph-image"
/ko/drills/cognitive/processing-speed/symbol-matching,ko,40,72,1,10,1116,true,true,true,10,0,0,"BreadcrumbList|SoftwareApplication|WebApplication|VideoGame|FAQPage|HowTo",0.1163,3,"https://skilldrills.online/opengraph-image"
/ko/drills/fps,ko,36,68,1,6,1290,true,true,true,8,0,0,"BreadcrumbList|CollectionPage|FAQPage",0.0128,24,"https://skilldrills.online/icons/icon-512x512.png"
/ko/drills/fps/180-degree-awareness,ko,38,73,1,10,1563,true,true,true,10,0,0,"BreadcrumbList|SoftwareApplication|WebApplication|VideoGame|FAQPage|HowTo",0.0989,18,"https://skilldrills.online/opengraph-image"
/ko/drills/fps/angle-hold-trainer,ko,33,54,1,10,1802,true,true,true,10,0,0,"BreadcrumbList|WebApplication|SoftwareApplication|VideoGame|FAQPage|HowTo",0.1358,15,"https://skilldrills.online/opengraph-image"
/ko/drills/fps/anti-strafe-jitter-duel,ko,36,62,1,10,1476,true,true,true,10,0,0,"BreadcrumbList|SoftwareApplication|WebApplication|VideoGame|FAQPage|HowTo",0.1087,7,"https://skilldrills.online/opengraph-image"
/ko/drills/fps/anti-zigzag-movement-trainer,ko,33,60,1,10,1645,true,true,true,10,0,0,"BreadcrumbList|WebApplication|SoftwareApplication|VideoGame|FAQPage|HowTo",0.1258,2,"https://skilldrills.online/opengraph-image"
/ko/drills/fps/flick-shot-training,ko,34,77,1,10,1735,true,true,true,10,0,0,"BreadcrumbList|SoftwareApplication|WebApplication|VideoGame|FAQPage|HowTo",0.1642,4,"https://skilldrills.online/opengraph-image"
/ko/drills/fps/flow-state,ko,38,69,1,10,1529,true,true,true,10,0,0,"BreadcrumbList|WebApplication|SoftwareApplication|VideoGame|FAQPage|HowTo",0.1189,5,"https://skilldrills.online/opengraph-image"
/ko/drills/fps/instant-response,ko,37,58,1,10,1546,true,true,true,10,0,0,"BreadcrumbList|SoftwareApplication|WebApplication|VideoGame|FAQPage|HowTo",0.1174,9,"https://skilldrills.online/opengraph-image"
/ko/drills/fps/micro-correction-precision,ko,34,68,1,10,1678,true,true,true,10,0,0,"BreadcrumbList|SoftwareApplication|WebApplication|VideoGame|FAQPage|HowTo",0.131,10,"https://skilldrills.online/opengraph-image"
/ko/drills/fps/pro-smooth-pursuit,ko,37,66,1,10,1497,true,true,true,10,0,0,"BreadcrumbList|WebApplication|SoftwareApplication|VideoGame|FAQPage|HowTo",0.1168,8,"https://skilldrills.online/opengraph-image"
/ko/drills/fps/recoil-control,ko,37,58,1,10,1731,true,true,true,10,0,0,"BreadcrumbList|WebApplication|SoftwareApplication|VideoGame|FAQPage|HowTo",0.1058,7,"https://skilldrills.online/opengraph-image"
/ko/drills/fps/strafe-tracking,ko,35,59,1,10,1785,true,true,true,10,0,0,"BreadcrumbList|WebApplication|SoftwareApplication|VideoGame|FAQPage|HowTo",0.0828,6,"https://skilldrills.online/opengraph-image"
/ko/drills/fps/target-acquisition,ko,37,73,1,9,1479,true,true,true,10,0,0,"BreadcrumbList|SoftwareApplication|WebApplication|VideoGame|FAQPage|HowTo",0.0922,4,"https://skilldrills.online/opengraph-image"
/ko/drills/fps/target-prioritization,ko,33,62,1,10,1652,true,true,true,10,0,0,"BreadcrumbList|SoftwareApplication|WebApplication|VideoGame|FAQPage|HowTo",0.1077,5,"https://skilldrills.online/opengraph-image"
/ko/drills/fps/target-switching-swarm,ko,37,73,1,10,1621,true,true,true,10,0,0,"BreadcrumbList|SoftwareApplication|WebApplication|VideoGame|FAQPage|HowTo",0.1221,4,"https://skilldrills.online/opengraph-image"
/ko/drills/fps/vertical-air-track,ko,31,63,1,10,1669,true,true,true,10,0,0,"BreadcrumbList|SoftwareApplication|WebApplication|VideoGame|FAQPage|HowTo",0.1311,3,"https://skilldrills.online/opengraph-image"
/ko/drills/memory,ko,29,67,1,6,769,true,true,true,10,0,0,"BreadcrumbList|CollectionPage|FAQPage",0.0145,16,"https://skilldrills.online/icons/icon-512x512.png"
/ko/drills/memory/short-term-memory/color-sequence,ko,25,53,1,10,1702,true,true,true,10,0,0,"BreadcrumbList|SoftwareApplication|WebApplication|VideoGame|FAQPage|HowTo",0.1079,8,"https://skilldrills.online/opengraph-image"
/ko/drills/memory/short-term-memory/digit-span,ko,33,67,1,9,1573,true,true,true,10,0,0,"BreadcrumbList|WebApplication|SoftwareApplication|VideoGame|HowTo|FAQPage",0.1392,8,"https://skilldrills.online/opengraph-image"
/ko/drills/memory/short-term-memory/word-recall,ko,32,58,1,10,1768,true,true,true,10,0,0,"BreadcrumbList|SoftwareApplication|WebApplication|VideoGame|FAQPage|HowTo",0.1311,4,"https://skilldrills.online/opengraph-image"
/ko/drills/memory/spatial-memory/grid-memorization,ko,35,74,1,9,1781,true,true,true,10,0,0,"BreadcrumbList|WebApplication|SoftwareApplication|VideoGame|HowTo|FAQPage",0.1226,7,"https://skilldrills.online/opengraph-image"
/ko/drills/memory/spatial-memory/object-location,ko,35,71,1,9,1765,true,true,true,10,0,0,"BreadcrumbList|SoftwareApplication|WebApplication|VideoGame|FAQPage|HowTo",0.126,5,"https://skilldrills.online/opengraph-image"
/ko/drills/memory/spatial-memory/path-tracing,ko,31,62,1,9,1789,true,true,true,10,0,0,"BreadcrumbList|SoftwareApplication|WebApplication|VideoGame|FAQPage|HowTo",0.1181,5,"https://skilldrills.online/opengraph-image"
/ko/drills/memory/working-memory/n-back,ko,33,59,1,10,1628,true,true,true,10,0,0,"BreadcrumbList|WebApplication|SoftwareApplication|VideoGame|HowTo|FAQPage",0.1069,3,"https://skilldrills.online/opengraph-image"
/ko/drills/motor,ko,33,58,1,6,874,true,true,true,8,0,0,"BreadcrumbList|CollectionPage|FAQPage",0.0084,17,"https://skilldrills.online/icons/icon-512x512.png"
/ko/drills/motor/hand-eye-coordination/aim-trainer,ko,37,69,1,6,1430,true,true,true,10,0,0,"BreadcrumbList|SoftwareApplication|WebApplication|VideoGame|FAQPage|HowTo",0.0912,32,"https://skilldrills.online/opengraph-image"
/ko/drills/motor/hand-eye-coordination/drag-and-drop,ko,39,66,1,9,1415,true,true,true,10,0,0,"BreadcrumbList|SoftwareApplication|WebApplication|VideoGame|FAQPage|HowTo",0.1279,8,"https://skilldrills.online/opengraph-image"
/ko/drills/motor/hand-eye-coordination/precision-flick-shot,ko,37,68,1,9,1410,true,true,true,10,0,0,"BreadcrumbList|SoftwareApplication|WebApplication|VideoGame|FAQPage|HowTo",0.1116,9,"https://skilldrills.online/opengraph-image"
/ko/drills/motor/movement-speed/finger-sequencing,ko,32,64,1,9,1116,true,true,true,10,0,0,"BreadcrumbList|SoftwareApplication|WebApplication|VideoGame|FAQPage|HowTo",0.1442,10,"https://skilldrills.online/opengraph-image"
/ko/drills/motor/movement-speed/keyboard-recognition,ko,36,61,1,10,1240,true,true,true,10,0,0,"BreadcrumbList|SoftwareApplication|WebApplication|VideoGame|FAQPage|HowTo",0.0775,4,"https://skilldrills.online/opengraph-image"
/ko/drills/motor/movement-speed/rapid-tapping,ko,32,66,1,9,1379,true,true,true,10,0,0,"BreadcrumbList|SoftwareApplication|WebApplication|VideoGame|FAQPage|HowTo",0.0925,5,"https://skilldrills.online/opengraph-image"
/ko/drills/motor/precision-control/steady-hand,ko,33,49,1,9,1305,true,true,true,10,0,0,"BreadcrumbList|SoftwareApplication|WebApplication|VideoGame|FAQPage|HowTo",0.1165,5,"https://skilldrills.online/opengraph-image"
/ko/drills/motor/precision-control/tracing,ko,37,50,1,9,1089,true,true,true,10,0,0,"BreadcrumbList|SoftwareApplication|WebApplication|VideoGame|FAQPage|HowTo",0.1506,15,"https://skilldrills.online/opengraph-image"
/ko/drills/physical,ko,37,54,1,6,957,true,true,true,10,0,0,"BreadcrumbList|CollectionPage|FAQPage",0.0187,20,"https://skilldrills.online/icons/icon-512x512.png"
/ko/drills/physical/balance-training/stability-challenge,ko,28,69,1,10,1703,true,true,true,10,0,0,"BreadcrumbList|SoftwareApplication|WebApplication|VideoGame|FAQPage|HowTo",0.1246,6,"https://skilldrills.online/opengraph-image"
/ko/drills/physical/coordination/complex-pattern,ko,38,70,1,10,1810,true,true,true,10,0,0,"BreadcrumbList|SoftwareApplication|WebApplication|VideoGame|FAQPage|HowTo",0.0874,14,"https://skilldrills.online/opengraph-image"
/ko/drills/physical/coordination/cross-body-movement,ko,34,77,1,10,1865,true,true,true,10,0,0,"BreadcrumbList|SoftwareApplication|WebApplication|VideoGame|FAQPage|HowTo",0.0988,6,"https://skilldrills.online/opengraph-image"
/ko/drills/physical/coordination/dynamic-grid-evasion,ko,35,77,1,10,1801,true,true,true,10,0,0,"BreadcrumbList|SoftwareApplication|WebApplication|VideoGame|FAQPage|HowTo",0.0815,9,"https://skilldrills.online/opengraph-image"
/ko/drills/physical/fitness/agility-ladder,ko,31,68,1,10,1741,true,true,true,10,0,0,"BreadcrumbList|SoftwareApplication|WebApplication|VideoGame|FAQPage|HowTo",0.0934,7,"https://skilldrills.online/opengraph-image"
/ko/drills/physical/fitness/jump-sequence,ko,34,64,1,10,1991,true,true,true,10,0,0,"BreadcrumbList|SoftwareApplication|WebApplication|VideoGame|FAQPage|HowTo",0.0992,3,"https://skilldrills.online/opengraph-image"
/ko/drills/physical/fitness/speed-drill,ko,33,66,1,9,1644,true,true,true,10,0,0,"BreadcrumbList|SoftwareApplication|WebApplication|VideoGame|FAQPage|HowTo",0.0921,4,"https://skilldrills.online/opengraph-image"
/ko/drills/physical/reflex-training/drop-catch,ko,23,60,1,9,1717,true,true,true,10,0,0,"BreadcrumbList|SoftwareApplication|WebApplication|VideoGame|FAQPage|HowTo",0.0979,7,"https://skilldrills.online/opengraph-image"
/ko/drills/physical/reflex-training/peripheral-threat-sweeper,ko,18,60,1,9,1672,true,true,true,10,0,0,"BreadcrumbList|SoftwareApplication|WebApplication|VideoGame|FAQPage|HowTo",0.0886,7,"https://skilldrills.online/opengraph-image"
/ko/drills/physical/reflex-training/quick-dodge,ko,23,59,1,9,1445,true,true,true,10,0,0,"BreadcrumbList|SoftwareApplication|WebApplication|VideoGame|FAQPage|HowTo",0.0985,8,"https://skilldrills.online/opengraph-image"
/ko/drills/physical/reflex-training/reaction-chain,ko,21,63,1,9,1587,true,true,true,10,0,0,"BreadcrumbList|SoftwareApplication|WebApplication|VideoGame|FAQPage|HowTo",0.0864,26,"https://skilldrills.online/opengraph-image"
/ko/drills/reaction-speed,ko,31,62,1,6,720,true,true,true,10,0,0,"BreadcrumbList|CollectionPage|FAQPage",0.0147,16,"https://skilldrills.online/icons/icon-512x512.png"
/ko/drills/reaction-speed/barrier-sequence-pursuit,ko,21,54,1,9,1067,true,true,true,10,0,0,"BreadcrumbList|SoftwareApplication|WebApplication|VideoGame|FAQPage|HowTo",0.1218,5,"https://skilldrills.online/opengraph-image"
/ko/drills/reaction-speed/fps-tracking-trainer,ko,21,69,1,9,1006,true,true,true,10,0,0,"BreadcrumbList|SoftwareApplication|WebApplication|VideoGame|FAQPage|HowTo",0.1275,8,"https://skilldrills.online/opengraph-image"
/ko/drills/reaction-speed/market-doors-pursuit,ko,25,85,1,9,1045,true,true,true,10,0,0,"BreadcrumbList|SoftwareApplication|WebApplication|VideoGame|FAQPage|HowTo",0.1366,6,"https://skilldrills.online/opengraph-image"
/ko/drills/reaction-speed/reaction-game,ko,26,73,1,9,1036,true,true,true,10,0,0,"BreadcrumbList|SoftwareApplication|WebApplication|VideoGame|FAQPage|HowTo",0.1394,3,"https://skilldrills.online/opengraph-image"
/ko/drills/reaction-speed/reaction-time-test,ko,35,91,1,9,1326,true,true,true,10,0,0,"BreadcrumbList|SoftwareApplication|VideoGame|WebApplication|HowTo|FAQPage",0.1034,3,"https://skilldrills.online/opengraph-image"
/ko/drills/reaction-speed/reflex-training-drill,ko,30,75,1,9,1088,true,true,true,10,0,0,"BreadcrumbList|SoftwareApplication|WebApplication|VideoGame|FAQPage|HowTo",0.1369,3,"https://skilldrills.online/opengraph-image"
/ko/drills/reaction-speed/saccadic-gallery,ko,32,67,1,10,1186,true,true,true,10,0,0,"BreadcrumbList|SoftwareApplication|WebApplication|VideoGame|HowTo|FAQPage",0.0896,3,"https://skilldrills.online/opengraph-image"
/ko/drills/reaction-speed/visual-tracking-speed-test,ko,22,63,1,9,965,true,true,true,10,0,0,"BreadcrumbList|SoftwareApplication|WebApplication|VideoGame|FAQPage|HowTo",0.1429,8,"https://skilldrills.online/opengraph-image"
/ko/drills/visual,ko,32,57,1,6,928,true,true,true,10,0,0,"BreadcrumbList|CollectionPage|FAQPage",0.0103,18,"https://skilldrills.online/icons/icon-512x512.png"
/ko/drills/visual-tracking,ko,27,68,1,6,1224,true,true,true,10,0,0,"BreadcrumbList|CollectionPage|FAQPage",0.0227,24,"https://skilldrills.online/icons/icon-512x512.png"
/ko/drills/visual-tracking/constant-slow-pursuit,ko,21,62,1,8,946,true,true,true,10,0,0,"BreadcrumbList|SoftwareApplication|WebApplication|VideoGame|FAQPage|HowTo",0.1346,12,"https://skilldrills.online/opengraph-image"
/ko/drills/visual-tracking/directional-chaos-pursuit,ko,60,107,1,9,1697,true,true,true,10,0,0,"BreadcrumbList|SoftwareApplication|WebApplication|VideoGame|HowTo|FAQPage",0.0689,4,"https://skilldrills.online/opengraph-image"
/ko/drills/visual-tracking/dynamic-evasion-pursuit,ko,32,71,1,9,1673,true,true,true,10,0,0,"BreadcrumbList|SoftwareApplication|WebApplication|VideoGame|HowTo|FAQPage",0.0765,4,"https://skilldrills.online/opengraph-image"
/ko/drills/visual-tracking/ghosting-suppress-pursuit,ko,33,55,1,9,1703,true,true,true,10,0,0,"BreadcrumbList|SoftwareApplication|WebApplication|VideoGame|HowTo|FAQPage",0.0553,3,"https://skilldrills.online/opengraph-image"
/ko/drills/visual-tracking/infinity-pursuit,ko,25,58,1,9,1573,true,true,true,10,0,0,"BreadcrumbList|SoftwareApplication|WebApplication|VideoGame|HowTo|FAQPage",0.0858,3,"https://skilldrills.online/opengraph-image"
/ko/drills/visual-tracking/momentum-teleport-pursuit,ko,28,51,1,9,1743,true,true,true,10,0,0,"BreadcrumbList|SoftwareApplication|WebApplication|VideoGame|HowTo|FAQPage",0.0762,4,"https://skilldrills.online/opengraph-image"
/ko/drills/visual-tracking/peripheral-ping-pursuit,ko,33,72,1,9,1552,true,true,true,10,0,0,"BreadcrumbList|SoftwareApplication|WebApplication|VideoGame|HowTo|FAQPage",0.0817,3,"https://skilldrills.online/opengraph-image"
/ko/drills/visual-tracking/predictive-pursuit,ko,35,62,1,9,1620,true,true,true,10,0,0,"BreadcrumbList|SoftwareApplication|WebApplication|VideoGame|HowTo|FAQPage",0.0743,2,"https://skilldrills.online/opengraph-image"
/ko/drills/visual-tracking/sine-wave-pursuit,ko,26,61,1,9,1668,true,true,true,10,0,0,"BreadcrumbList|SoftwareApplication|WebApplication|VideoGame|HowTo|FAQPage",0.0751,6,"https://skilldrills.online/opengraph-image"
/ko/drills/visual-tracking/spatial-shift-pursuit,ko,35,60,1,9,1589,true,true,true,10,0,0,"BreadcrumbList|SoftwareApplication|WebApplication|VideoGame|HowTo|FAQPage",0.084,3,"https://skilldrills.online/opengraph-image"
/ko/drills/visual-tracking/split-screen-tracking,ko,35,61,1,9,1497,true,true,true,10,0,0,"BreadcrumbList|SoftwareApplication|WebApplication|VideoGame|HowTo|FAQPage",0.07,5,"https://skilldrills.online/opengraph-image"
/ko/drills/visual-tracking/staircase-step,ko,34,60,1,9,1482,true,true,true,10,0,0,"BreadcrumbList|SoftwareApplication|WebApplication|VideoGame|HowTo|FAQPage",0.0767,7,"https://skilldrills.online/opengraph-image"
/ko/drills/visual-tracking/strobe-prediction-pursuit,ko,35,56,1,8,1427,true,true,true,10,0,0,"BreadcrumbList|SoftwareApplication|WebApplication|VideoGame|HowTo|FAQPage",0.0525,5,"https://skilldrills.online/opengraph-image"
/ko/drills/visual-tracking/triangular-pursuit,ko,26,64,1,8,1440,true,true,true,10,0,0,"BreadcrumbList|SoftwareApplication|WebApplication|VideoGame|HowTo|FAQPage",0.0799,5,"https://skilldrills.online/opengraph-image"
/ko/drills/visual-tracking/zig-zag-path-pursuit,ko,27,55,1,8,1344,true,true,true,10,0,0,"BreadcrumbList|SoftwareApplication|WebApplication|VideoGame|HowTo|FAQPage",0.0836,2,"https://skilldrills.online/opengraph-image"
/ko/drills/visual/depth-perception/distance-judgment,ko,37,78,1,9,1267,true,true,true,10,0,0,"BreadcrumbList|SoftwareApplication|WebApplication|VideoGame|HowTo|FAQPage",0.1067,7,"https://skilldrills.online/opengraph-image"
/ko/drills/visual/reaction-speed/go/no-go,ko,38,75,1,10,1520,true,true,true,10,0,0,"BreadcrumbList|SoftwareApplication|WebApplication|HowTo|FAQPage|VideoGame",0.1054,8,"https://skilldrills.online/opengraph-image"
/ko/drills/visual/reaction-speed/light-reaction,ko,35,81,1,10,1648,true,true,true,10,0,0,"BreadcrumbList|SoftwareApplication|WebApplication|HowTo|FAQPage|VideoGame",0.105,9,"https://skilldrills.online/opengraph-image"
/ko/drills/visual/tracking-accuracy/moving-target,ko,33,74,1,10,1602,true,true,true,10,0,0,"BreadcrumbList|SoftwareApplication|WebApplication|HowTo|FAQPage|VideoGame",0.1243,15,"https://skilldrills.online/opengraph-image"
/ko/drills/visual/tracking-accuracy/multiple-targets,ko,35,70,1,10,1856,true,true,true,10,0,0,"BreadcrumbList|SoftwareApplication|WebApplication|VideoGame|HowTo|FAQPage",0.1051,13,"https://skilldrills.online/opengraph-image"
/ko/drills/visual/tracking-accuracy/pursuit-tracker,ko,35,68,1,10,1900,true,true,true,10,0,0,"BreadcrumbList|SoftwareApplication|WebApplication|VideoGame|HowTo|FAQPage",0.1103,12,"https://skilldrills.online/opengraph-image"
/ko/drills/visual/visual-recognition/entropic-grid,ko,36,76,1,10,2023,true,true,true,10,0,0,"BreadcrumbList|SoftwareApplication|WebApplication|VideoGame|HowTo|FAQPage",0.0993,5,"https://skilldrills.online/opengraph-image"
/ko/drills/visual/visual-recognition/rhythm-anomaly,ko,31,77,1,6,1525,true,true,true,10,0,0,"BreadcrumbList|SoftwareApplication|WebApplication|FAQPage|HowTo|VideoGame",0.1161,4,"https://skilldrills.online/opengraph-image"
/ko/drills/visual/visual-recognition/visual-search,ko,38,83,1,6,1649,true,true,true,10,0,0,"BreadcrumbList|SoftwareApplication|WebApplication|FAQPage|HowTo|VideoGame",0.1013,7,"https://skilldrills.online/opengraph-image"
/privacy,en,28,105,1,16,1335,true,false,false,0,0,0,"",0.2404,13,"https://skilldrills.online/opengraph-image?442709f6ac327c19"
/pt,pt,51,122,1,7,719,true,true,true,0,0,0,"WebPage",0.0015,9,"https://skilldrills.online/icons/icon-512x512.png"
/pt/drills,pt,50,124,1,11,860,true,true,true,8,0,0,"BreadcrumbList|CollectionPage|FAQPage",0.0164,89,"https://skilldrills.online/icons/icon-512x512.png"
/pt/drills/cognitive,pt,44,107,1,6,1185,true,true,true,8,0,0,"BreadcrumbList|CollectionPage|FAQPage",0.0009,17,"https://skilldrills.online/icons/icon-512x512.png"
/pt/drills/cognitive/attention/concentration-stamina,pt,56,135,1,9,1240,true,true,true,10,0,0,"BreadcrumbList|SoftwareApplication|WebApplication|VideoGame|FAQPage|HowTo",0.0289,15,"https://skilldrills.online/opengraph-image"
/pt/drills/cognitive/attention/divided-attention,pt,54,129,1,9,1229,true,true,true,10,0,0,"BreadcrumbList|SoftwareApplication|WebApplication|VideoGame|FAQPage|HowTo",0.0384,8,"https://skilldrills.online/opengraph-image"
/pt/drills/cognitive/attention/multi-tasking,pt,55,144,1,9,1219,true,true,true,10,0,0,"BreadcrumbList|SoftwareApplication|WebApplication|VideoGame|FAQPage|HowTo",0.0354,6,"https://skilldrills.online/opengraph-image"
/pt/drills/cognitive/focus/concentration-grid,pt,55,146,1,10,2243,true,true,true,10,0,0,"BreadcrumbList|WebApplication|SoftwareApplication|VideoGame|HowTo|FAQPage",0.0244,10,"https://skilldrills.online/opengraph-image"
/pt/drills/cognitive/focus/distraction-fighter,pt,48,111,1,10,2086,true,true,true,10,0,0,"BreadcrumbList|SoftwareApplication|WebApplication|VideoGame|HowTo|FAQPage",0.0333,6,"https://skilldrills.online/opengraph-image"
/pt/drills/cognitive/processing-speed/reaction-time,pt,50,129,1,10,1571,true,true,true,10,0,0,"BreadcrumbList|SoftwareApplication|WebApplication|VideoGame|FAQPage|HowTo",0.0194,7,"https://skilldrills.online/opengraph-image"
/pt/drills/cognitive/processing-speed/rsvp-reader,pt,42,128,1,10,1543,true,true,true,10,0,0,"BreadcrumbList|SoftwareApplication|WebApplication|VideoGame|FAQPage|HowTo",0.0148,3,"https://skilldrills.online/opengraph-image"
/pt/drills/cognitive/processing-speed/symbol-matching,pt,55,150,1,10,1435,true,true,true,10,0,0,"BreadcrumbList|SoftwareApplication|WebApplication|VideoGame|FAQPage|HowTo",0.0147,3,"https://skilldrills.online/opengraph-image"
/pt/drills/fps,pt,39,108,1,6,1773,true,true,true,8,0,0,"BreadcrumbList|CollectionPage|FAQPage",0.0006,24,"https://skilldrills.online/icons/icon-512x512.png"
/pt/drills/fps/180-degree-awareness,pt,44,125,1,10,1891,true,true,true,10,0,0,"BreadcrumbList|SoftwareApplication|WebApplication|VideoGame|FAQPage|HowTo",0.0195,18,"https://skilldrills.online/opengraph-image"
/pt/drills/fps/angle-hold-trainer,pt,53,129,1,10,2051,true,true,true,10,0,0,"BreadcrumbList|WebApplication|SoftwareApplication|VideoGame|FAQPage|HowTo",0.0403,15,"https://skilldrills.online/opengraph-image"
/pt/drills/fps/anti-strafe-jitter-duel,pt,56,130,1,10,1783,true,true,true,10,0,0,"BreadcrumbList|SoftwareApplication|WebApplication|VideoGame|FAQPage|HowTo",0.0283,7,"https://skilldrills.online/opengraph-image"
/pt/drills/fps/anti-zigzag-movement-trainer,pt,54,127,1,10,2046,true,true,true,10,0,0,"BreadcrumbList|WebApplication|SoftwareApplication|VideoGame|FAQPage|HowTo",0.0316,2,"https://skilldrills.online/opengraph-image"
/pt/drills/fps/flick-shot-training,pt,57,137,1,10,2142,true,true,true,10,0,0,"BreadcrumbList|SoftwareApplication|WebApplication|VideoGame|FAQPage|HowTo",0.0602,4,"https://skilldrills.online/opengraph-image"
/pt/drills/fps/flow-state,pt,47,140,1,10,1776,true,true,true,10,0,0,"BreadcrumbList|WebApplication|SoftwareApplication|VideoGame|FAQPage|HowTo",0.0322,5,"https://skilldrills.online/opengraph-image"
/pt/drills/fps/instant-response,pt,52,114,1,10,1876,true,true,true,10,0,0,"BreadcrumbList|SoftwareApplication|WebApplication|VideoGame|FAQPage|HowTo",0.0331,9,"https://skilldrills.online/opengraph-image"
/pt/drills/fps/micro-correction-precision,pt,57,128,1,10,2187,true,true,true,10,0,0,"BreadcrumbList|SoftwareApplication|WebApplication|VideoGame|FAQPage|HowTo",0.0336,10,"https://skilldrills.online/opengraph-image"
/pt/drills/fps/pro-smooth-pursuit,pt,49,112,1,10,1842,true,true,true,10,0,0,"BreadcrumbList|SoftwareApplication|WebApplication|VideoGame|FAQPage|HowTo",0.025,8,"https://skilldrills.online/opengraph-image"
/pt/drills/fps/recoil-control,pt,54,122,1,10,1965,true,true,true,10,0,0,"BreadcrumbList|SoftwareApplication|WebApplication|VideoGame|FAQPage|HowTo",0.0352,7,"https://skilldrills.online/opengraph-image"
/pt/drills/fps/strafe-tracking,pt,52,122,1,10,2222,true,true,true,10,0,0,"BreadcrumbList|WebApplication|SoftwareApplication|VideoGame|FAQPage|HowTo",0.0155,6,"https://skilldrills.online/opengraph-image"
/pt/drills/fps/target-acquisition,pt,58,150,1,10,1913,true,true,true,10,0,0,"BreadcrumbList|SoftwareApplication|WebApplication|VideoGame|FAQPage|HowTo",0.0147,4,"https://skilldrills.online/opengraph-image"
/pt/drills/fps/target-prioritization,pt,47,129,1,10,2018,true,true,true,10,0,0,"BreadcrumbList|SoftwareApplication|WebApplication|VideoGame|FAQPage|HowTo",0.0272,5,"https://skilldrills.online/opengraph-image"
/pt/drills/fps/target-switching-swarm,pt,54,124,1,10,2053,true,true,true,10,0,0,"BreadcrumbList|SoftwareApplication|WebApplication|VideoGame|FAQPage|HowTo",0.0313,4,"https://skilldrills.online/opengraph-image"
/pt/drills/fps/vertical-air-track,pt,54,123,1,10,2013,true,true,true,10,0,0,"BreadcrumbList|SoftwareApplication|WebApplication|VideoGame|FAQPage|HowTo",0.0291,3,"https://skilldrills.online/opengraph-image"
/pt/drills/memory,pt,51,141,1,6,957,true,true,true,10,0,0,"BreadcrumbList|CollectionPage|FAQPage",0.0011,16,"https://skilldrills.online/icons/icon-512x512.png"
/pt/drills/memory/short-term-memory/color-sequence,pt,52,118,1,10,2449,true,true,true,10,0,0,"BreadcrumbList|SoftwareApplication|WebApplication|VideoGame|FAQPage|HowTo",0.0144,8,"https://skilldrills.online/opengraph-image"
/pt/drills/memory/short-term-memory/digit-span,pt,59,127,1,9,1886,true,true,true,10,0,0,"BreadcrumbList|WebApplication|SoftwareApplication|VideoGame|HowTo|FAQPage",0.035,8,"https://skilldrills.online/opengraph-image"
/pt/drills/memory/short-term-memory/word-recall,pt,55,132,1,10,2059,true,true,true,10,0,0,"BreadcrumbList|SoftwareApplication|WebApplication|VideoGame|FAQPage|HowTo",0.0295,4,"https://skilldrills.online/opengraph-image"
/pt/drills/memory/spatial-memory/grid-memorization,pt,44,130,1,9,2049,true,true,true,10,0,0,"BreadcrumbList|WebApplication|SoftwareApplication|VideoGame|HowTo|FAQPage",0.034,7,"https://skilldrills.online/opengraph-image"
/pt/drills/memory/spatial-memory/object-location,pt,46,124,1,9,2045,true,true,true,10,0,0,"BreadcrumbList|SoftwareApplication|WebApplication|VideoGame|FAQPage|HowTo",0.0337,5,"https://skilldrills.online/opengraph-image"
/pt/drills/memory/spatial-memory/path-tracing,pt,54,122,1,9,1994,true,true,true,10,0,0,"BreadcrumbList|SoftwareApplication|WebApplication|VideoGame|FAQPage|HowTo",0.0337,5,"https://skilldrills.online/opengraph-image"
/pt/drills/memory/working-memory/n-back,pt,55,128,1,10,1560,true,true,true,10,0,0,"BreadcrumbList|WebApplication|SoftwareApplication|VideoGame|HowTo|FAQPage",0.0367,3,"https://skilldrills.online/opengraph-image"
/pt/drills/motor,pt,48,119,1,6,1139,true,true,true,8,0,0,"BreadcrumbList|CollectionPage|FAQPage",0.0028,17,"https://skilldrills.online/icons/icon-512x512.png"
/pt/drills/motor/hand-eye-coordination/aim-trainer,pt,56,125,1,6,1660,true,true,true,10,0,0,"BreadcrumbList|SoftwareApplication|WebApplication|VideoGame|FAQPage|HowTo",0.0178,32,"https://skilldrills.online/opengraph-image"
/pt/drills/motor/hand-eye-coordination/drag-and-drop,pt,60,122,1,9,1684,true,true,true,10,0,0,"BreadcrumbList|SoftwareApplication|WebApplication|VideoGame|FAQPage|HowTo",0.0418,8,"https://skilldrills.online/opengraph-image"
/pt/drills/motor/hand-eye-coordination/precision-flick-shot,pt,54,122,1,9,1625,true,true,true,10,0,0,"BreadcrumbList|SoftwareApplication|WebApplication|VideoGame|FAQPage|HowTo",0.0387,9,"https://skilldrills.online/opengraph-image"
/pt/drills/motor/movement-speed/finger-sequencing,pt,57,126,1,9,1331,true,true,true,10,0,0,"BreadcrumbList|SoftwareApplication|WebApplication|VideoGame|FAQPage|HowTo",0.0374,10,"https://skilldrills.online/opengraph-image"
/pt/drills/motor/movement-speed/keyboard-recognition,pt,51,122,1,10,1542,true,true,true,10,0,0,"BreadcrumbList|SoftwareApplication|WebApplication|VideoGame|FAQPage|HowTo",0.022,4,"https://skilldrills.online/opengraph-image"
/pt/drills/motor/movement-speed/rapid-tapping,pt,48,111,1,9,1687,true,true,true,10,0,0,"BreadcrumbList|SoftwareApplication|WebApplication|VideoGame|FAQPage|HowTo",0.0167,5,"https://skilldrills.online/opengraph-image"
/pt/drills/motor/precision-control/steady-hand,pt,52,123,1,9,1529,true,true,true,10,0,0,"BreadcrumbList|SoftwareApplication|WebApplication|VideoGame|FAQPage|HowTo",0.0218,5,"https://skilldrills.online/opengraph-image"
/pt/drills/motor/precision-control/tracing,pt,59,135,1,9,1561,true,true,true,10,0,0,"BreadcrumbList|SoftwareApplication|WebApplication|VideoGame|FAQPage|HowTo",0.0461,15,"https://skilldrills.online/opengraph-image"
/pt/drills/physical,pt,49,112,1,6,1295,true,true,true,10,0,0,"BreadcrumbList|CollectionPage|FAQPage",0.0008,20,"https://skilldrills.online/icons/icon-512x512.png"
/pt/drills/physical/balance-training/stability-challenge,pt,54,146,1,9,1893,true,true,true,10,0,0,"BreadcrumbList|SoftwareApplication|WebApplication|VideoGame|FAQPage|HowTo",0.0143,6,"https://skilldrills.online/opengraph-image"
/pt/drills/physical/coordination/complex-pattern,pt,53,149,1,9,1825,true,true,true,10,0,0,"BreadcrumbList|SoftwareApplication|WebApplication|VideoGame|FAQPage|HowTo",0.0165,14,"https://skilldrills.online/opengraph-image"
/pt/drills/physical/coordination/cross-body-movement,pt,45,150,1,10,2197,true,true,true,10,0,0,"BreadcrumbList|SoftwareApplication|WebApplication|VideoGame|FAQPage|HowTo",0.0165,6,"https://skilldrills.online/opengraph-image"
/pt/drills/physical/coordination/dynamic-grid-evasion,pt,48,146,1,10,2168,true,true,true,10,0,0,"BreadcrumbList|SoftwareApplication|WebApplication|VideoGame|FAQPage|HowTo",0.0134,9,"https://skilldrills.online/opengraph-image"
/pt/drills/physical/fitness/agility-ladder,pt,43,144,1,10,2052,true,true,true,10,0,0,"BreadcrumbList|SoftwareApplication|WebApplication|VideoGame|FAQPage|HowTo",0.0146,7,"https://skilldrills.online/opengraph-image"
/pt/drills/physical/fitness/jump-sequence,pt,56,157,1,10,2288,true,true,true,10,0,0,"BreadcrumbList|SoftwareApplication|WebApplication|VideoGame|FAQPage|HowTo",0.0293,3,"https://skilldrills.online/opengraph-image"
/pt/drills/physical/fitness/speed-drill,pt,45,132,1,9,2109,true,true,true,10,0,0,"BreadcrumbList|SoftwareApplication|WebApplication|VideoGame|FAQPage|HowTo",0.0138,4,"https://skilldrills.online/opengraph-image"
/pt/drills/physical/reflex-training/drop-catch,pt,39,128,1,9,2140,true,true,true,10,0,0,"BreadcrumbList|SoftwareApplication|WebApplication|VideoGame|FAQPage|HowTo",0.0185,7,"https://skilldrills.online/opengraph-image"
/pt/drills/physical/reflex-training/peripheral-threat-sweeper,pt,41,136,1,9,2091,true,true,true,10,0,0,"BreadcrumbList|SoftwareApplication|WebApplication|VideoGame|FAQPage|HowTo",0.0148,7,"https://skilldrills.online/opengraph-image"
/pt/drills/physical/reflex-training/quick-dodge,pt,43,119,1,9,1881,true,true,true,10,0,0,"BreadcrumbList|SoftwareApplication|WebApplication|VideoGame|FAQPage|HowTo",0.0165,8,"https://skilldrills.online/opengraph-image"
/pt/drills/physical/reflex-training/reaction-chain,pt,37,135,1,9,1963,true,true,true,10,0,0,"BreadcrumbList|SoftwareApplication|WebApplication|VideoGame|FAQPage|HowTo",0.0154,26,"https://skilldrills.online/opengraph-image"
/pt/drills/reaction-speed,pt,51,138,1,6,890,true,true,true,10,0,0,"BreadcrumbList|CollectionPage|FAQPage",0.0012,16,"https://skilldrills.online/icons/icon-512x512.png"
/pt/drills/reaction-speed/barrier-sequence-pursuit,pt,32,143,1,9,1274,true,true,true,10,0,0,"BreadcrumbList|SoftwareApplication|WebApplication|VideoGame|FAQPage|HowTo",0.0166,5,"https://skilldrills.online/opengraph-image"
/pt/drills/reaction-speed/fps-tracking-trainer,pt,28,145,1,9,1289,true,true,true,10,0,0,"BreadcrumbList|SoftwareApplication|WebApplication|VideoGame|FAQPage|HowTo",0.0156,8,"https://skilldrills.online/opengraph-image"
/pt/drills/reaction-speed/market-doors-pursuit,pt,44,145,1,9,1343,true,true,true,10,0,0,"BreadcrumbList|SoftwareApplication|WebApplication|VideoGame|FAQPage|HowTo",0.0172,6,"https://skilldrills.online/opengraph-image"
/pt/drills/reaction-speed/reaction-game,pt,38,150,1,9,1311,true,true,true,10,0,0,"BreadcrumbList|SoftwareApplication|WebApplication|VideoGame|FAQPage|HowTo",0.0184,3,"https://skilldrills.online/opengraph-image"
/pt/drills/reaction-speed/reaction-time-test,pt,53,157,1,9,1564,true,true,true,10,0,0,"BreadcrumbList|SoftwareApplication|VideoGame|WebApplication|HowTo|FAQPage",0.027,3,"https://skilldrills.online/opengraph-image"
/pt/drills/reaction-speed/reflex-training-drill,pt,47,128,1,9,1309,true,true,true,10,0,0,"BreadcrumbList|SoftwareApplication|WebApplication|VideoGame|FAQPage|HowTo",0.0186,3,"https://skilldrills.online/opengraph-image"
/pt/drills/reaction-speed/saccadic-gallery,pt,47,132,1,10,1509,true,true,true,10,0,0,"BreadcrumbList|SoftwareApplication|WebApplication|VideoGame|HowTo|FAQPage",0.0128,3,"https://skilldrills.online/opengraph-image"
/pt/drills/reaction-speed/visual-tracking-speed-test,pt,42,133,1,9,1309,true,true,true,10,0,0,"BreadcrumbList|SoftwareApplication|WebApplication|VideoGame|FAQPage|HowTo",0.0169,8,"https://skilldrills.online/opengraph-image"
/pt/drills/visual,pt,43,138,1,6,1141,true,true,true,10,0,0,"BreadcrumbList|CollectionPage|FAQPage",0.0009,18,"https://skilldrills.online/icons/icon-512x512.png"
/pt/drills/visual-tracking,pt,43,129,1,6,1481,true,true,true,10,0,0,"BreadcrumbList|CollectionPage|FAQPage",0.0028,24,"https://skilldrills.online/icons/icon-512x512.png"
/pt/drills/visual-tracking/constant-slow-pursuit,pt,45,140,1,8,1220,true,true,true,10,0,0,"BreadcrumbList|SoftwareApplication|WebApplication|VideoGame|FAQPage|HowTo",0.0183,12,"https://skilldrills.online/opengraph-image"
/pt/drills/visual-tracking/directional-chaos-pursuit,pt,41,134,1,9,1864,true,true,true,10,0,0,"BreadcrumbList|SoftwareApplication|WebApplication|VideoGame|HowTo|FAQPage",0.0167,4,"https://skilldrills.online/opengraph-image"
/pt/drills/visual-tracking/dynamic-evasion-pursuit,pt,54,126,1,9,1758,true,true,true,10,0,0,"BreadcrumbList|SoftwareApplication|WebApplication|VideoGame|HowTo|FAQPage",0.0177,4,"https://skilldrills.online/opengraph-image"
/pt/drills/visual-tracking/ghosting-suppress-pursuit,pt,42,126,1,9,1704,true,true,true,10,0,0,"BreadcrumbList|SoftwareApplication|WebApplication|VideoGame|HowTo|FAQPage",0.0113,3,"https://skilldrills.online/opengraph-image"
/pt/drills/visual-tracking/infinity-pursuit,pt,38,131,1,9,1485,true,true,true,10,0,0,"BreadcrumbList|SoftwareApplication|WebApplication|VideoGame|HowTo|FAQPage",0.0149,3,"https://skilldrills.online/opengraph-image"
/pt/drills/visual-tracking/momentum-teleport-pursuit,pt,46,122,1,9,1554,true,true,true,10,0,0,"BreadcrumbList|SoftwareApplication|WebApplication|VideoGame|HowTo|FAQPage",0.0184,4,"https://skilldrills.online/opengraph-image"
/pt/drills/visual-tracking/peripheral-ping-pursuit,pt,40,148,1,9,1619,true,true,true,10,0,0,"BreadcrumbList|SoftwareApplication|WebApplication|VideoGame|HowTo|FAQPage",0.0164,3,"https://skilldrills.online/opengraph-image"
/pt/drills/visual-tracking/predictive-pursuit,pt,43,135,1,9,1548,true,true,true,10,0,0,"BreadcrumbList|SoftwareApplication|WebApplication|VideoGame|HowTo|FAQPage",0.0163,2,"https://skilldrills.online/opengraph-image"
/pt/drills/visual-tracking/sine-wave-pursuit,pt,42,133,1,9,1641,true,true,true,10,0,0,"BreadcrumbList|SoftwareApplication|WebApplication|VideoGame|HowTo|FAQPage",0.0228,6,"https://skilldrills.online/opengraph-image"
/pt/drills/visual-tracking/spatial-shift-pursuit,pt,54,117,1,9,1613,true,true,true,10,0,0,"BreadcrumbList|SoftwareApplication|WebApplication|VideoGame|HowTo|FAQPage",0.0265,3,"https://skilldrills.online/opengraph-image"
/pt/drills/visual-tracking/split-screen-tracking,pt,50,125,1,9,1582,true,true,true,10,0,0,"BreadcrumbList|SoftwareApplication|WebApplication|VideoGame|HowTo|FAQPage",0.0209,5,"https://skilldrills.online/opengraph-image"
/pt/drills/visual-tracking/staircase-step,pt,42,124,1,9,1575,true,true,true,10,0,0,"BreadcrumbList|SoftwareApplication|WebApplication|VideoGame|HowTo|FAQPage",0.0242,7,"https://skilldrills.online/opengraph-image"
/pt/drills/visual-tracking/strobe-prediction-pursuit,pt,42,130,1,7,1645,true,true,true,10,0,0,"BreadcrumbList|SoftwareApplication|WebApplication|VideoGame|HowTo|FAQPage",0.0134,5,"https://skilldrills.online/opengraph-image"
/pt/drills/visual-tracking/triangular-pursuit,pt,44,119,1,6,1471,true,true,true,10,0,0,"BreadcrumbList|SoftwareApplication|WebApplication|VideoGame|HowTo|FAQPage",0.0217,5,"https://skilldrills.online/opengraph-image"
/pt/drills/visual-tracking/zig-zag-path-pursuit,pt,48,107,1,6,1451,true,true,true,10,0,0,"BreadcrumbList|SoftwareApplication|WebApplication|VideoGame|HowTo|FAQPage",0.0203,2,"https://skilldrills.online/opengraph-image"
/pt/drills/visual/depth-perception/distance-judgment,pt,48,152,1,9,1559,true,true,true,10,0,0,"BreadcrumbList|SoftwareApplication|WebApplication|VideoGame|HowTo|FAQPage",0.0187,7,"https://skilldrills.online/opengraph-image"
/pt/drills/visual/reaction-speed/go/no-go,pt,50,152,1,10,1928,true,true,true,10,0,0,"BreadcrumbList|SoftwareApplication|WebApplication|HowTo|FAQPage|VideoGame",0.0349,8,"https://skilldrills.online/opengraph-image"
/pt/drills/visual/reaction-speed/light-reaction,pt,48,156,1,10,2049,true,true,true,10,0,0,"BreadcrumbList|SoftwareApplication|WebApplication|HowTo|FAQPage|VideoGame",0.0315,9,"https://skilldrills.online/opengraph-image"
/pt/drills/visual/tracking-accuracy/moving-target,pt,46,142,1,10,1948,true,true,true,10,0,0,"BreadcrumbList|SoftwareApplication|WebApplication|HowTo|FAQPage|VideoGame",0.0347,15,"https://skilldrills.online/opengraph-image"
/pt/drills/visual/tracking-accuracy/multiple-targets,pt,53,151,1,9,2033,true,true,true,10,0,0,"BreadcrumbList|SoftwareApplication|WebApplication|VideoGame|HowTo|FAQPage",0.0162,13,"https://skilldrills.online/opengraph-image"
/pt/drills/visual/tracking-accuracy/pursuit-tracker,pt,54,141,1,9,2006,true,true,true,10,0,0,"BreadcrumbList|SoftwareApplication|WebApplication|VideoGame|HowTo|FAQPage",0.0217,12,"https://skilldrills.online/opengraph-image"
/pt/drills/visual/visual-recognition/entropic-grid,pt,55,155,1,9,1974,true,true,true,10,0,0,"BreadcrumbList|SoftwareApplication|WebApplication|VideoGame|HowTo|FAQPage",0.0199,5,"https://skilldrills.online/opengraph-image"
/pt/drills/visual/visual-recognition/rhythm-anomaly,pt,51,135,1,6,1788,true,true,true,10,0,0,"BreadcrumbList|SoftwareApplication|WebApplication|FAQPage|HowTo|VideoGame",0.0374,4,"https://skilldrills.online/opengraph-image"
/pt/drills/visual/visual-recognition/visual-search,pt,45,145,1,6,1917,true,true,true,10,0,0,"BreadcrumbList|SoftwareApplication|WebApplication|FAQPage|HowTo|VideoGame",0.0311,7,"https://skilldrills.online/opengraph-image"
/terms,en,30,83,1,14,620,true,false,false,0,0,0,"",0.2537,12,"https://skilldrills.online/opengraph-image?442709f6ac327c19"
